Date;Open Price;Close Price
2018-01-10 00:00;14073,16;14073,16
2018-01-10 01:00;14073,16;14193,43
2018-01-10 02:00;14193,43;14290,4
2018-01-10 03:00;14290,4;14139,18
2018-01-10 04:00;14139,18;14374,32
2018-01-10 05:00;14374,32;14182,03
2018-01-10 06:00;14182,03;14240,25
2018-01-10 07:00;14240,25;14115,24
2018-01-10 08:00;14115,24;13500,39
2018-01-10 09:00;13500,39;13790,67
2018-01-10 10:00;13790,67;13862,86
2018-01-10 11:00;13862,86;14073,29
2018-01-10 12:00;14073,29;13898,03
2018-01-10 13:00;13898,03;13907,03
2018-01-10 14:00;13907,03;13778,42
2018-01-10 15:00;13778,42;14420,99
2018-01-10 16:00;14420,99;14498,19
2018-01-10 17:00;14498,19;14556,76
2018-01-10 18:00;14556,76;14479,26
2018-01-10 19:00;14479,26;14339,61
2018-01-10 20:00;14339,61;14463,84
2018-01-10 21:00;14463,84;14481,59
2018-01-10 22:00;14481,59;14457,25
2018-01-10 23:00;14457,25;14859,3
2018-01-11 00:00;14859,3;14681,31
2018-01-11 01:00;14681,31;14496,48
2018-01-11 02:00;14496,48;14250,19
2018-01-11 03:00;14250,19;13295,6
2018-01-11 04:00;13295,6;13286,18
2018-01-11 05:00;13286,18;13123,3
2018-01-11 06:00;13123,3;13389,86
2018-01-11 07:00;13389,86;13566,97
2018-01-11 08:00;13566,97;13782,84
2018-01-11 09:00;13782,84;13539,09
2018-01-11 10:00;13539,09;13305,48
2018-01-11 11:00;13305,48;13449,15
2018-01-11 12:00;13449,15;13831,78
2018-01-11 13:00;13831,78;13704,39
2018-01-11 14:00;13704,39;13835,64
2018-01-11 15:00;13835,64;13997,75
2018-01-11 16:00;13997,75;13900,14
2018-01-11 17:00;13900,14;13670,12
2018-01-11 18:00;13670,12;13713,64
2018-01-11 19:00;13713,64;13361,39
2018-01-11 20:00;13361,39;13467,3
2018-01-11 21:00;13467,3;13445,23
2018-01-11 22:00;13445,23;13088,33
2018-01-11 23:00;13088,33;13316,81
2018-01-12 00:00;13316,81;13099,9
2018-01-12 01:00;13099,9;13414,49
2018-01-12 02:00;13414,49;13469,39
2018-01-12 03:00;13469,39;13640,92
2018-01-12 04:00;13640,92;13686,74
2018-01-12 05:00;13686,74;13603,33
2018-01-12 06:00;13603,33;13732,53
2018-01-12 07:00;13732,53;13620,27
2018-01-12 08:00;13620,27;13591,31
2018-01-12 09:00;13591,31;13507,24
2018-01-12 10:00;13507,24;13936,2
2018-01-12 11:00;13936,2;13971,35
2018-01-12 12:00;13971,35;14042,17
2018-01-12 13:00;14042,17;13871,66
2018-01-12 14:00;13871,66;13933,37
2018-01-12 15:00;13933,37;13647,04
2018-01-12 16:00;13647,04;13568,18
2018-01-12 17:00;13568,18;13616,18
2018-01-12 18:00;13616,18;13490,33
2018-01-12 19:00;13490,33;13770,3
2018-01-12 20:00;13770,3;13907,04
2018-01-12 21:00;13907,04;13744,49
2018-01-12 22:00;13744,49;13639,28
2018-01-12 23:00;13639,28;13784,29
2018-01-13 00:00;13784,29;14091,41
2018-01-13 01:00;14091,41;14158,9
2018-01-13 02:00;14158,9;14163,48
2018-01-13 03:00;14163,48;14162,52
2018-01-13 04:00;14162,52;14113,2
2018-01-13 05:00;14113,2;14192,94
2018-01-13 06:00;14192,94;14221,38
2018-01-13 07:00;14221,38;14410,83
2018-01-13 08:00;14410,83;14250,16
2018-01-13 09:00;14250,16;14219,11
2018-01-13 10:00;14219,11;14232,32
2018-01-13 11:00;14232,32;14257,65
2018-01-13 12:00;14257,65;14342,94
2018-01-13 13:00;14342,94;14484,72
2018-01-13 14:00;14484,72;14384,06
2018-01-13 15:00;14384,06;14260,29
2018-01-13 16:00;14260,29;14281,22
2018-01-13 17:00;14281,22;14308,72
2018-01-13 18:00;14308,72;14264,32
2018-01-13 19:00;14264,32;14085,2
2018-01-13 20:00;14085,2;14177,56
2018-01-13 21:00;14177,56;14166,75
2018-01-13 22:00;14166,75;14309,92
2018-01-13 23:00;14309,92;14203,74
2018-01-14 00:00;14203,74;14261,93
2018-01-14 01:00;14261,93;14315,84
2018-01-14 02:00;14315,84;14234,04
2018-01-14 03:00;14234,04;14217,13
2018-01-14 04:00;14217,13;13900,38
2018-01-14 05:00;13900,38;13794,87
2018-01-14 06:00;13794,87;13836,41
2018-01-14 07:00;13836,41;13752,01
2018-01-14 08:00;13752,01;13668,43
2018-01-14 09:00;13668,43;13548,09
2018-01-14 10:00;13548,09;13542,93
2018-01-14 11:00;13542,93;13516,68
2018-01-14 12:00;13516,68;13315,09
2018-01-14 13:00;13315,09;13599,06
2018-01-14 14:00;13599,06;13530,92
2018-01-14 15:00;13530,92;13219,51
2018-01-14 16:00;13219,51;13353,74
2018-01-14 17:00;13353,74;13494,79
2018-01-14 18:00;13494,79;13529,56
2018-01-14 19:00;13529,56;13374,75
2018-01-14 20:00;13374,75;13477,5
2018-01-14 21:00;13477,5;13393,82
2018-01-14 22:00;13393,82;13566,12
2018-01-14 23:00;13566,12;13618,19
2018-01-15 00:00;13618,19;13712,41
2018-01-15 01:00;13712,41;13642,62
2018-01-15 02:00;13642,62;13510,2
2018-01-15 03:00;13510,2;13548,65
2018-01-15 04:00;13548,65;13608,25
2018-01-15 05:00;13608,25;13586,64
2018-01-15 06:00;13586,64;13751,82
2018-01-15 07:00;13751,82;13650,02
2018-01-15 08:00;13650,02;13593,76
2018-01-15 09:00;13593,76;13684,48
2018-01-15 10:00;13684,48;13773,37
2018-01-15 11:00;13773,37;13748,78
2018-01-15 12:00;13748,78;14141,6
2018-01-15 13:00;14141,6;14167,92
2018-01-15 14:00;14167,92;14136,14
2018-01-15 15:00;14136,14;14062,06
2018-01-15 16:00;14062,06;14135,9
2018-01-15 17:00;14135,9;13919,12
2018-01-15 18:00;13919,12;13934,37
2018-01-15 19:00;13934,37;13902,59
2018-01-15 20:00;13902,59;13722,69
2018-01-15 21:00;13722,69;13918,66
2018-01-15 22:00;13918,66;13805,39
2018-01-15 23:00;13805,39;13574
2018-01-16 00:00;13574;13292,47
2018-01-16 01:00;13292,47;13056,11
2018-01-16 02:00;13056,11;13146,68
2018-01-16 03:00;13146,68;12955,76
2018-01-16 04:00;12955,76;12990,34
2018-01-16 05:00;12990,34;13118,75
2018-01-16 06:00;13118,75;13147,44
2018-01-16 07:00;13147,44;12488,38
2018-01-16 08:00;12488,38;12144,97
2018-01-16 09:00;12144,97;11503,65
2018-01-16 10:00;11503,65;11761,09
2018-01-16 11:00;11761,09;12328,27
2018-01-16 12:00;12328,27;12007,36
2018-01-16 13:00;12007,36;11533,81
2018-01-16 14:00;11533,81;11881,72
2018-01-16 15:00;11881,72;12273,94
2018-01-16 16:00;12273,94;11968,73
2018-01-16 17:00;11968,73;11367,68
2018-01-16 18:00;11367,68;11484,22
2018-01-16 19:00;11484,22;11577,92
2018-01-16 20:00;11577,92;11021,73
2018-01-16 21:00;11021,73;10617,36
2018-01-16 22:00;10617,36;11067,53
2018-01-16 23:00;11067,53;11369,39
2018-01-17 00:00;11369,39;11095,35
2018-01-17 01:00;11095,35;11303,49
2018-01-17 02:00;11303,49;10876,44
2018-01-17 03:00;10876,44;10827,15
2018-01-17 04:00;10827,15;11109,92
2018-01-17 05:00;11109,92;11073,75
2018-01-17 06:00;11073,75;11227,56
2018-01-17 07:00;11227,56;11141,17
2018-01-17 08:00;11141,17;10880,6
2018-01-17 09:00;10880,6;10515,33
2018-01-17 10:00;10515,33;10046,51
2018-01-17 11:00;10046,51;10216,17
2018-01-17 12:00;10216,17;10338,71
2018-01-17 13:00;10338,71;10050,95
2018-01-17 14:00;10050,95;9453,32
2018-01-17 15:00;9453,32;9501,26
2018-01-17 16:00;9501,26;10275
2018-01-17 17:00;10275;10137,44
2018-01-17 18:00;10137,44;9809,44
2018-01-17 19:00;9809,44;10572,21
2018-01-17 20:00;10572,21;10960,96
2018-01-17 21:00;10960,96;11378,02
2018-01-17 22:00;11378,02;11090,65
2018-01-17 23:00;11090,65;11098,56
2018-01-18 00:00;11098,56;11254,42
2018-01-18 01:00;11254,42;11435,44
2018-01-18 02:00;11435,44;11729,22
2018-01-18 03:00;11729,22;11346,9
2018-01-18 04:00;11346,9;11117,52
2018-01-18 05:00;11117,52;10992,45
2018-01-18 06:00;10992,45;11192,71
2018-01-18 07:00;11192,71;10663,94
2018-01-18 08:00;10663,94;10880,63
2018-01-18 09:00;10880,63;11229,6
2018-01-18 10:00;11229,6;11324,11
2018-01-18 11:00;11324,11;11558,62
2018-01-18 12:00;11558,62;11653,74
2018-01-18 13:00;11653,74;11710,33
2018-01-18 14:00;11710,33;11873,77
2018-01-18 15:00;11873,77;11995,93
2018-01-18 16:00;11995,93;11702,74
2018-01-18 17:00;11702,74;11476,43
2018-01-18 18:00;11476,43;11751,66
2018-01-18 19:00;11751,66;11782,53
2018-01-18 20:00;11782,53;11868,95
2018-01-18 21:00;11868,95;11540,59
2018-01-18 22:00;11540,59;11289,01
2018-01-18 23:00;11289,01;11249,35
2018-01-19 00:00;11249,35;11487,18
2018-01-19 01:00;11487,18;11424,57
2018-01-19 02:00;11424,57;11087,3
2018-01-19 03:00;11087,3;11144,74
2018-01-19 04:00;11144,74;11387,3
2018-01-19 05:00;11387,3;11347,18
2018-01-19 06:00;11347,18;11509,54
2018-01-19 07:00;11509,54;11349,1
2018-01-19 08:00;11349,1;11732,85
2018-01-19 09:00;11732,85;11610,19
2018-01-19 10:00;11610,19;11828,08
2018-01-19 11:00;11828,08;11791,8
2018-01-19 12:00;11791,8;11859,43
2018-01-19 13:00;11859,43;11738,94
2018-01-19 14:00;11738,94;11462,08
2018-01-19 15:00;11462,08;11544,93
2018-01-19 16:00;11544,93;11653,46
2018-01-19 17:00;11653,46;11284,02
2018-01-19 18:00;11284,02;11255,48
2018-01-19 19:00;11255,48;11253,69
2018-01-19 20:00;11253,69;11384,99
2018-01-19 21:00;11384,99;11345,63
2018-01-19 22:00;11345,63;11254,65
2018-01-19 23:00;11254,65;11510,42
2018-01-20 00:00;11510,42;11560,87
2018-01-20 01:00;11560,87;11663,49
2018-01-20 02:00;11663,49;11692,7
2018-01-20 03:00;11692,7;11739,44
2018-01-20 04:00;11739,44;12245,85
2018-01-20 05:00;12245,85;12652,81
2018-01-20 06:00;12652,81;12400,98
2018-01-20 07:00;12400,98;12596,11
2018-01-20 08:00;12596,11;12740,81
2018-01-20 09:00;12740,81;12502,22
2018-01-20 10:00;12502,22;12565,5
2018-01-20 11:00;12565,5;12325,63
2018-01-20 12:00;12325,63;12497,76
2018-01-20 13:00;12497,76;12515,63
2018-01-20 14:00;12515,63;12600,1
2018-01-20 15:00;12600,1;12543,23
2018-01-20 16:00;12543,23;12826,61
2018-01-20 17:00;12826,61;12815,66
2018-01-20 18:00;12815,66;12956,56
2018-01-20 19:00;12956,56;12745,67
2018-01-20 20:00;12745,67;12773,48
2018-01-20 21:00;12773,48;12904,31
2018-01-20 22:00;12904,31;12826,35
2018-01-20 23:00;12826,35;12761,59
2018-01-21 00:00;12761,59;12369,54
2018-01-21 01:00;12369,54;12502,43
2018-01-21 02:00;12502,43;12569,01
2018-01-21 03:00;12569,01;12492,01
2018-01-21 04:00;12492,01;12257,95
2018-01-21 05:00;12257,95;12104,07
2018-01-21 06:00;12104,07;12011,71
2018-01-21 07:00;12011,71;11903,56
2018-01-21 08:00;11903,56;11917,11
2018-01-21 09:00;11917,11;11727,33
2018-01-21 10:00;11727,33;11774,3
2018-01-21 11:00;11774,3;12128,59
2018-01-21 12:00;12128,59;11989,03
2018-01-21 13:00;11989,03;12011,82
2018-01-21 14:00;12011,82;11768,85
2018-01-21 15:00;11768,85;11597,65
2018-01-21 16:00;11597,65;11341,06
2018-01-21 17:00;11341,06;11409,11
2018-01-21 18:00;11409,11;11489,12
2018-01-21 19:00;11489,12;11480,3
2018-01-21 20:00;11480,3;11121,68
2018-01-21 21:00;11121,68;11348
2018-01-21 22:00;11348;11176,58
2018-01-21 23:00;11176,58;11489,33
2018-01-22 00:00;11489,33;11694,02
2018-01-22 01:00;11694,02;11412,62
2018-01-22 02:00;11412,62;11558,48
2018-01-22 03:00;11558,48;11515,79
2018-01-22 04:00;11515,79;11609,16
2018-01-22 05:00;11609,16;11460,38
2018-01-22 06:00;11460,38;11614,39
2018-01-22 07:00;11614,39;11746,58
2018-01-22 08:00;11746,58;11741,63
2018-01-22 09:00;11741,63;11736,15
2018-01-22 10:00;11736,15;11698,94
2018-01-22 11:00;11698,94;11328,55
2018-01-22 12:00;11328,55;11325,63
2018-01-22 13:00;11325,63;10660,33
2018-01-22 14:00;10660,33;10694,57
2018-01-22 15:00;10694,57;10304,1
2018-01-22 16:00;10304,1;10559,23
2018-01-22 17:00;10559,23;10577,61
2018-01-22 18:00;10577,61;10456,04
2018-01-22 19:00;10456,04;10595,47
2018-01-22 20:00;10595,47;10401,99
2018-01-22 21:00;10401,99;10264,28
2018-01-22 22:00;10264,28;10665,21
2018-01-22 23:00;10665,21;10778,66
2018-01-23 00:00;10778,66;10736,37
2018-01-23 01:00;10736,37;10706,81
2018-01-23 02:00;10706,81;10771,69
2018-01-23 03:00;10771,69;10900,76
2018-01-23 04:00;10900,76;10618,66
2018-01-23 05:00;10618,66;10424,59
2018-01-23 06:00;10424,59;10380,34
2018-01-23 07:00;10380,34;10302,64
2018-01-23 08:00;10302,64;10721,24
2018-01-23 09:00;10721,24;10439,58
2018-01-23 10:00;10439,58;10297,57
2018-01-23 11:00;10297,57;10142,1
2018-01-23 12:00;10142,1;10236,55
2018-01-23 13:00;10236,55;10285,93
2018-01-23 14:00;10285,93;10434,38
2018-01-23 15:00;10434,38;10756,3
2018-01-23 16:00;10756,3;11357,46
2018-01-23 17:00;11357,46;11181,22
2018-01-23 18:00;11181,22;11221,54
2018-01-23 19:00;11221,54;11045,76
2018-01-23 20:00;11045,76;11109,99
2018-01-23 21:00;11109,99;10984,42
2018-01-23 22:00;10984,42;11049,27
2018-01-23 23:00;11049,27;10826,86
2018-01-24 00:00;10826,86;10613,75
2018-01-24 01:00;10613,75;10606,41
2018-01-24 02:00;10606,41;10726,11
2018-01-24 03:00;10726,11;10841,18
2018-01-24 04:00;10841,18;10675,95
2018-01-24 05:00;10675,95;10651,72
2018-01-24 06:00;10651,72;10959,98
2018-01-24 07:00;10959,98;10957,36
2018-01-24 08:00;10957,36;10869,17
2018-01-24 09:00;10869,17;11020,44
2018-01-24 10:00;11020,44;11004,76
2018-01-24 11:00;11004,76;11023,89
2018-01-24 12:00;11023,89;11306,65
2018-01-24 13:00;11306,65;11315,12
2018-01-24 14:00;11315,12;11302,77
2018-01-24 15:00;11302,77;11065,41
2018-01-24 16:00;11065,41;11039,42
2018-01-24 17:00;11039,42;11115,04
2018-01-24 18:00;11115,04;11011,16
2018-01-24 19:00;11011,16;11212,49
2018-01-24 20:00;11212,49;11127,31
2018-01-24 21:00;11127,31;11208,37
2018-01-24 22:00;11208,37;11103,57
2018-01-24 23:00;11103,57;11399,22
2018-01-25 00:00;11399,22;11298,12
2018-01-25 01:00;11298,12;11409,9
2018-01-25 02:00;11409,9;11555,28
2018-01-25 03:00;11555,28;11635,14
2018-01-25 04:00;11635,14;11467,45
2018-01-25 05:00;11467,45;11533,27
2018-01-25 06:00;11533,27;11467,89
2018-01-25 07:00;11467,89;11436,48
2018-01-25 08:00;11436,48;11295,78
2018-01-25 09:00;11295,78;11294,67
2018-01-25 10:00;11294,67;11303,83
2018-01-25 11:00;11303,83;11163,05
2018-01-25 12:00;11163,05;11074,72
2018-01-25 13:00;11074,72;11227,3
2018-01-25 14:00;11227,3;11172,17
2018-01-25 15:00;11172,17;10945,14
2018-01-25 16:00;10945,14;10907,03
2018-01-25 17:00;10907,03;10959,94
2018-01-25 18:00;10959,94;11260,94
2018-01-25 19:00;11260,94;11204
2018-01-25 20:00;11204;11270,35
2018-01-25 21:00;11270,35;11246,48
2018-01-25 22:00;11246,48;11163,1
2018-01-25 23:00;11163,1;11134,6
2018-01-26 00:00;11134,6;11381,05
2018-01-26 01:00;11381,05;11292,44
2018-01-26 02:00;11292,44;11578,07
2018-01-26 03:00;11578,07;11523,67
2018-01-26 04:00;11523,67;11461,89
2018-01-26 05:00;11461,89;11345,36
2018-01-26 06:00;11345,36;11385,97
2018-01-26 07:00;11385,97;11043,45
2018-01-26 08:00;11043,45;10751,52
2018-01-26 09:00;10751,52;10409,4
2018-01-26 10:00;10409,4;10550,15
2018-01-26 11:00;10550,15;10512,5
2018-01-26 12:00;10512,5;10644,94
2018-01-26 13:00;10644,94;10535,29
2018-01-26 14:00;10535,29;10779,37
2018-01-26 15:00;10779,37;11005,12
2018-01-26 16:00;11005,12;11073,61
2018-01-26 17:00;11073,61;11139,86
2018-01-26 18:00;11139,86;11046,8
2018-01-26 19:00;11046,8;10937,58
2018-01-26 20:00;10937,58;10964,43
2018-01-26 21:00;10964,43;10899,35
2018-01-26 22:00;10899,35;10800,4
2018-01-26 23:00;10800,4;11098,88
2018-01-27 00:00;11098,88;11097,6
2018-01-27 01:00;11097,6;10985,13
2018-01-27 02:00;10985,13;11135,81
2018-01-27 03:00;11135,81;11004,85
2018-01-27 04:00;11004,85;11027,93
2018-01-27 05:00;11027,93;11247,45
2018-01-27 06:00;11247,45;11298,54
2018-01-27 07:00;11298,54;11205,55
2018-01-27 08:00;11205,55;11136,77
2018-01-27 09:00;11136,77;11238,94
2018-01-27 10:00;11238,94;11205,34
2018-01-27 11:00;11205,34;10954,88
2018-01-27 12:00;10954,88;10951,96
2018-01-27 13:00;10951,96;11039,48
2018-01-27 14:00;11039,48;10998,1
2018-01-27 15:00;10998,1;11486,99
2018-01-27 16:00;11486,99;11504,31
2018-01-27 17:00;11504,31;11419,45
2018-01-27 18:00;11419,45;11420,81
2018-01-27 19:00;11420,81;11461,02
2018-01-27 20:00;11461,02;11489,24
2018-01-27 21:00;11489,24;11553,74
2018-01-27 22:00;11553,74;11450,5
2018-01-27 23:00;11450,5;11403,29
2018-01-28 00:00;11403,29;11464,38
2018-01-28 01:00;11464,38;11421,5
2018-01-28 02:00;11421,5;11407,98
2018-01-28 03:00;11407,98;11450,73
2018-01-28 04:00;11450,73;11693,74
2018-01-28 05:00;11693,74;11753,74
2018-01-28 06:00;11753,74;11926,41
2018-01-28 07:00;11926,41;11737,28
2018-01-28 08:00;11737,28;11752,91
2018-01-28 09:00;11752,91;11734,46
2018-01-28 10:00;11734,46;11608,3
2018-01-28 11:00;11608,3;11738,1
2018-01-28 12:00;11738,1;11522,8
2018-01-28 13:00;11522,8;11601,1
2018-01-28 14:00;11601,1;11561,27
2018-01-28 15:00;11561,27;11579,08
2018-01-28 16:00;11579,08;11640,81
2018-01-28 17:00;11640,81;11620,04
2018-01-28 18:00;11620,04;11584,98
2018-01-28 19:00;11584,98;11627,29
2018-01-28 20:00;11627,29;11682,36
2018-01-28 21:00;11682,36;11756,7
2018-01-28 22:00;11756,7;11693,97
2018-01-28 23:00;11693,97;11697,69
2018-01-29 00:00;11697,69;11704,14
2018-01-29 01:00;11704,14;11410,72
2018-01-29 02:00;11410,72;11405,59
2018-01-29 03:00;11405,59;11403,4
2018-01-29 04:00;11403,4;11450,4
2018-01-29 05:00;11450,4;11412,96
2018-01-29 06:00;11412,96;11256,4
2018-01-29 07:00;11256,4;11184,14
2018-01-29 08:00;11184,14;11221,18
2018-01-29 09:00;11221,18;11227,75
2018-01-29 10:00;11227,75;11279,51
2018-01-29 11:00;11279,51;11088,72
2018-01-29 12:00;11088,72;11074,77
2018-01-29 13:00;11074,77;11160,81
2018-01-29 14:00;11160,81;11190,83
2018-01-29 15:00;11190,83;11232,31
2018-01-29 16:00;11232,31;11209,39
2018-01-29 17:00;11209,39;11265,95
2018-01-29 18:00;11265,95;11239,37
2018-01-29 19:00;11239,37;11142,13
2018-01-29 20:00;11142,13;11174,84
2018-01-29 21:00;11174,84;11222,85
2018-01-29 22:00;11222,85;11052,63
2018-01-29 23:00;11052,63;11174,01
2018-01-30 00:00;11174,01;11162,58
2018-01-30 01:00;11162,58;10887,9
2018-01-30 02:00;10887,9;10941,61
2018-01-30 03:00;10941,61;10916,89
2018-01-30 04:00;10916,89;10969,4
2018-01-30 05:00;10969,4;10964,71
2018-01-30 06:00;10964,71;10929,66
2018-01-30 07:00;10929,66;11016,94
2018-01-30 08:00;11016,94;11018,63
2018-01-30 09:00;11018,63;10868,78
2018-01-30 10:00;10868,78;10894,29
2018-01-30 11:00;10894,29;10957,01
2018-01-30 12:00;10957,01;10892,64
2018-01-30 13:00;10892,64;10471,42
2018-01-30 14:00;10471,42;10528,6
2018-01-30 15:00;10528,6;10306,37
2018-01-30 16:00;10306,37;10366,71
2018-01-30 17:00;10366,71;10215,62
2018-01-30 18:00;10215,62;9954,37
2018-01-30 19:00;9954,37;10246,51
2018-01-30 20:00;10246,51;10065,63
2018-01-30 21:00;10065,63;10138,04
2018-01-30 22:00;10138,04;10189,59
2018-01-30 23:00;10189,59;10016,24
2018-01-31 01:00;10016,24;9748,53
2018-01-31 02:00;9748,53;9813,53
2018-01-31 03:00;9813,53;10050
2018-01-31 04:00;10050;9914,47
2018-01-31 05:00;9914,47;9850,54
2018-01-31 06:00;9850,54;9915,22
2018-01-31 07:00;9915,22;10039,47
2018-01-31 08:00;10039,47;10189,1
2018-01-31 09:00;10189,1;10143,09
2018-01-31 10:00;10143,09;10075
2018-01-31 11:00;10075;10148,26
2018-01-31 12:00;10148,26;10242,14
2018-01-31 13:00;10242,14;10296,05
2018-01-31 14:00;10296,05;10064,89
2018-01-31 14:31;10064,89;10026,21
2018-02-01 00:00;10166,51;10166,51
2018-02-01 00:01;10166,51;10160,21
2018-02-01 00:02;10160,21;10125,94
2018-02-01 00:03;10125,94;10153,57
2018-02-01 00:04;10153,57;10159,45
2018-02-01 00:05;10159,45;10174,88
2018-02-01 00:06;10174,88;10198,63
2018-02-01 00:07;10198,63;10201,75
2018-02-01 00:08;10201,75;10186,57
2018-02-01 00:09;10186,57;10161,06
2018-02-01 00:10;10161,06;10162,36
2018-02-01 00:11;10162,36;10167,96
2018-02-01 00:12;10167,96;10156,17
2018-02-01 00:13;10156,17;10158,11
2018-02-01 00:14;10158,11;10160,67
2018-02-01 00:15;10160,67;10192,76
2018-02-01 00:16;10192,76;10193,29
2018-02-01 00:17;10193,29;10178,7
2018-02-01 00:18;10178,70;10179,68
2018-02-01 00:19;10179,68;10183,97
2018-02-01 00:20;10183,97;10179,64
2018-02-01 00:21;10179,64;10193,67
2018-02-01 00:22;10193,67;10203,07
2018-02-01 00:23;10203,07;10197,46
2018-02-01 00:24;10197,46;10193,74
2018-02-01 00:25;10193,74;10181,98
2018-02-01 00:26;10181,98;10191,67
2018-02-01 00:27;10191,67;10190,4
2018-02-01 00:28;10190,40;10191,6
2018-02-01 00:29;10191,60;10192,33
2018-02-01 00:30;10192,33;10188,74
2018-02-01 00:31;10188,74;10190,93
2018-02-01 00:32;10190,93;10151,74
2018-02-01 00:33;10151,74;10149,91
2018-02-01 00:34;10149,91;10155,03
2018-02-01 00:35;10155,03;10136,46
2018-02-01 00:36;10136,46;10137,74
2018-02-01 00:37;10137,74;10137,43
2018-02-01 00:38;10137,43;10144,99
2018-02-01 00:39;10144,99;10135,74
2018-02-01 00:40;10135,74;10127,78
2018-02-01 00:41;10127,78;10124,1
2018-02-01 00:42;10124,10;10126,59
2018-02-01 00:43;10126,59;10124,71
2018-02-01 00:44;10124,71;10118,92
2018-02-01 00:45;10118,92;10120,46
2018-02-01 00:46;10120,46;10122,98
2018-02-01 00:47;10122,98;10129,52
2018-02-01 00:48;10129,52;10134,99
2018-02-01 00:49;10134,99;10158,76
2018-02-01 00:50;10158,76;10162,39
2018-02-01 00:51;10162,39;10155,46
2018-02-01 00:52;10155,46;10147,75
2018-02-01 00:53;10147,75;10147,5
2018-02-01 00:54;10147,50;10154,5
2018-02-01 00:55;10154,50;10147,9
2018-02-01 00:56;10147,90;10141,75
2018-02-01 00:57;10141,75;10141,94
2018-02-01 00:58;10141,94;10143,18
2018-02-01 00:59;10143,18;10142,73
2018-02-01 01:00;10142,73;10138,26
2018-02-01 01:01;10138,26;10145,16
2018-02-01 01:02;10145,16;10147,59
2018-02-01 01:03;10147,59;10138,69
2018-02-01 01:04;10138,69;10131,73
2018-02-01 01:05;10131,73;10128,37
2018-02-01 01:06;10128,37;10126,91
2018-02-01 01:07;10126,91;10130,3
2018-02-01 01:08;10130,30;10128,49
2018-02-01 01:09;10128,49;10127,54
2018-02-01 01:10;10127,54;10127,44
2018-02-01 01:11;10127,44;10127,01
2018-02-01 01:12;10127,01;10127,24
2018-02-01 01:13;10127,24;10124,44
2018-02-01 01:14;10124,44;10134,05
2018-02-01 01:15;10134,05;10133,88
2018-02-01 01:16;10133,88;10149,75
2018-02-01 01:17;10149,75;10172,37
2018-02-01 01:18;10172,37;10175,78
2018-02-01 01:19;10175,78;10176,8
2018-02-01 01:20;10176,80;10178,62
2018-02-01 01:21;10178,62;10178,45
2018-02-01 01:22;10178,45;10181,21
2018-02-01 01:23;10181,21;10184,16
2018-02-01 01:24;10184,16;10183,97
2018-02-01 01:25;10183,97;10180,6
2018-02-01 01:26;10180,60;10167,91
2018-02-01 01:27;10167,91;10167,95
2018-02-01 01:28;10167,95;10171,29
2018-02-01 01:29;10171,29;10175,42
2018-02-01 01:30;10175,42;10177,01
2018-02-01 01:31;10177,01;10177,95
2018-02-01 01:32;10177,95;10177,55
2018-02-01 01:33;10177,55;10178,1
2018-02-01 01:34;10178,10;10175,65
2018-02-01 01:35;10175,65;10174,76
2018-02-01 01:36;10174,76;10172,21
2018-02-01 01:37;10172,21;10148,16
2018-02-01 01:38;10148,16;10157,65
2018-02-01 01:39;10157,65;10154,99
2018-02-01 01:40;10154,99;10159,21
2018-02-01 01:41;10159,21;10153,43
2018-02-01 01:42;10153,43;10149,79
2018-02-01 01:43;10149,79;10146,03
2018-02-01 01:44;10146,03;10142,91
2018-02-01 01:45;10142,91;10133,88
2018-02-01 01:46;10133,88;10119,36
2018-02-01 01:47;10119,36;10088,44
2018-02-01 01:48;10088,44;10097,87
2018-02-01 01:49;10097,87;10107,15
2018-02-01 01:50;10107,15;10107,99
2018-02-01 01:51;10107,99;10110,82
2018-02-01 01:52;10110,82;10125,4
2018-02-01 01:53;10125,40;10117,56
2018-02-01 01:54;10117,56;10117,82
2018-02-01 01:55;10117,82;10121,34
2018-02-01 01:56;10121,34;10120,01
2018-02-01 01:57;10120,01;10123,72
2018-02-01 01:58;10123,72;10121,13
2018-02-01 01:59;10121,13;10117,46
2018-02-01 02:00;10117,46;10123,94
2018-02-01 02:01;10123,94;10125,72
2018-02-01 02:02;10125,72;10141,96
2018-02-01 02:03;10141,96;10146,26
2018-02-01 02:04;10146,26;10155,19
2018-02-01 02:05;10155,19;10160,78
2018-02-01 02:06;10160,78;10164,95
2018-02-01 02:07;10164,95;10166,37
2018-02-01 02:08;10166,37;10165,03
2018-02-01 02:09;10165,03;10143,1
2018-02-01 02:10;10143,10;10150,44
2018-02-01 02:11;10150,44;10142,19
2018-02-01 02:12;10142,19;10134,37
2018-02-01 02:13;10134,37;10128,65
2018-02-01 02:14;10128,65;10126,47
2018-02-01 02:15;10126,47;10162,56
2018-02-01 02:16;10162,56;10162,6
2018-02-01 02:17;10162,60;10156,63
2018-02-01 02:18;10156,63;10154,21
2018-02-01 02:19;10154,21;10161,03
2018-02-01 02:20;10161,03;10163,4
2018-02-01 02:21;10163,40;10164,29
2018-02-01 02:22;10164,29;10158,7
2018-02-01 02:23;10158,70;10157,03
2018-02-01 02:24;10157,03;10156,7
2018-02-01 02:25;10156,70;10159,05
2018-02-01 02:26;10159,05;10160,59
2018-02-01 02:27;10160,59;10169,83
2018-02-01 02:28;10169,83;10168,76
2018-02-01 02:29;10168,76;10170,82
2018-02-01 02:30;10170,82;10169,77
2018-02-01 02:31;10169,77;10173,02
2018-02-01 02:32;10173,02;10169,37
2018-02-01 02:33;10169,37;10172,36
2018-02-01 02:34;10172,36;10169,21
2018-02-01 02:35;10169,21;10163,58
2018-02-01 02:36;10163,58;10153,11
2018-02-01 02:37;10153,11;10152,69
2018-02-01 02:38;10152,69;10156,54
2018-02-01 02:39;10156,54;10154,47
2018-02-01 02:40;10154,47;10137,01
2018-02-01 02:41;10137,01;10128,04
2018-02-01 02:42;10128,04;10142,93
2018-02-01 02:43;10142,93;10152,6
2018-02-01 02:44;10152,60;10154,11
2018-02-01 02:45;10154,11;10155,68
2018-02-01 02:46;10155,68;10154,51
2018-02-01 02:47;10154,51;10155,01
2018-02-01 02:48;10155,01;10153,72
2018-02-01 02:49;10153,72;10155,81
2018-02-01 02:50;10155,81;10151,81
2018-02-01 02:51;10151,81;10151,65
2018-02-01 02:52;10151,65;10146,21
2018-02-01 02:53;10146,21;10144,3
2018-02-01 02:54;10144,30;10143,82
2018-02-01 02:55;10143,82;10144,08
2018-02-01 02:56;10144,08;10142,62
2018-02-01 02:57;10142,62;10137,49
2018-02-01 02:58;10137,49;10133,58
2018-02-01 02:59;10133,58;10128
2018-02-01 03:00;10128,00;10119,52
2018-02-01 03:01;10119,52;10108,52
2018-02-01 03:02;10108,52;10115,4
2018-02-01 03:03;10115,40;10127,41
2018-02-01 03:04;10127,41;10118,66
2018-02-01 03:05;10118,66;10110,25
2018-02-01 03:06;10110,25;10113,57
2018-02-01 03:07;10113,57;10110,98
2018-02-01 03:08;10110,98;10109,97
2018-02-01 03:09;10109,97;10115,04
2018-02-01 03:10;10115,04;10118,11
2018-02-01 03:11;10118,11;10120,55
2018-02-01 03:12;10120,55;10119
2018-02-01 03:13;10119,00;10116,33
2018-02-01 03:14;10116,33;10115,39
2018-02-01 03:15;10115,39;10120,35
2018-02-01 03:16;10120,35;10121,19
2018-02-01 03:17;10121,19;10129,07
2018-02-01 03:18;10129,07;10134,16
2018-02-01 03:19;10134,16;10129,81
2018-02-01 03:20;10129,81;10127,97
2018-02-01 03:21;10127,97;10123,72
2018-02-01 03:22;10123,72;10123,42
2018-02-01 03:23;10123,42;10132,64
2018-02-01 03:24;10132,64;10131,74
2018-02-01 03:25;10131,74;10131,46
2018-02-01 03:26;10131,46;10130,23
2018-02-01 03:27;10130,23;10128,85
2018-02-01 03:28;10128,85;10123,24
2018-02-01 03:29;10123,24;10110,89
2018-02-01 03:30;10110,89;10076,46
2018-02-01 03:31;10076,46;10058,05
2018-02-01 03:32;10058,05;10014,4
2018-02-01 03:33;10014,40;10016,99
2018-02-01 03:34;10016,99;10022,9
2018-02-01 03:35;10022,90;9996,45
2018-02-01 03:36;9996,45;9994,44
2018-02-01 03:37;9994,44;9975,94
2018-02-01 03:38;9975,94;9951,55
2018-02-01 03:39;9951,55;9922,1
2018-02-01 03:40;9922,10;9902,38
2018-02-01 03:41;9902,38;9946,96
2018-02-01 03:42;9946,96;9959,18
2018-02-01 03:43;9959,18;9959,97
2018-02-01 03:44;9959,97;9967,84
2018-02-01 03:45;9967,84;9976,21
2018-02-01 03:46;9976,21;9970,87
2018-02-01 03:47;9970,87;9957,83
2018-02-01 03:48;9957,83;9963,63
2018-02-01 03:49;9963,63;9955,57
2018-02-01 03:50;9955,57;9950,64
2018-02-01 03:51;9950,64;9952,85
2018-02-01 03:52;9952,85;9972,21
2018-02-01 03:53;9972,21;9974,88
2018-02-01 03:54;9974,88;9981
2018-02-01 03:55;9981,00;9986,6
2018-02-01 03:56;9986,60;9988,53
2018-02-01 03:57;9988,53;9982,2
2018-02-01 03:58;9982,20;9982,44
2018-02-01 03:59;9982,44;9982,48
2018-02-01 04:00;9982,48;9970,31
2018-02-01 04:01;9970,31;9950,49
2018-02-01 04:02;9950,49;9947,75
2018-02-01 04:03;9947,75;9947,11
2018-02-01 04:04;9947,11;9944,61
2018-02-01 04:05;9944,61;9937,66
2018-02-01 04:06;9937,66;9937,02
2018-02-01 04:07;9937,02;9928,23
2018-02-01 04:08;9928,23;9928,43
2018-02-01 04:09;9928,43;9931,5
2018-02-01 04:10;9931,50;9950,63
2018-02-01 04:11;9950,63;9969,57
2018-02-01 04:12;9969,57;9973,93
2018-02-01 04:13;9973,93;10002,52
2018-02-01 04:14;10002,52;10028,44
2018-02-01 04:15;10028,44;10022,65
2018-02-01 04:16;10022,65;10029,87
2018-02-01 04:17;10029,87;10027,3
2018-02-01 04:18;10027,30;10035,17
2018-02-01 04:19;10035,17;10034,83
2018-02-01 04:20;10034,83;10037,19
2018-02-01 04:21;10037,19;10033,18
2018-02-01 04:22;10033,18;10022,89
2018-02-01 04:23;10022,89;10021,02
2018-02-01 04:24;10021,02;10018,22
2018-02-01 04:25;10018,22;9982,78
2018-02-01 04:26;9982,78;9992,96
2018-02-01 04:27;9992,96;9981,48
2018-02-01 04:28;9981,48;9985,8
2018-02-01 04:29;9985,80;10004,46
2018-02-01 04:30;10004,46;10013,59
2018-02-01 04:31;10013,59;10002,5
2018-02-01 04:32;10002,50;9997,96
2018-02-01 04:33;9997,96;9999,22
2018-02-01 04:34;9999,22;9997,93
2018-02-01 04:35;9997,93;10002,89
2018-02-01 04:36;10002,89;9993,55
2018-02-01 04:37;9993,55;9994,7
2018-02-01 04:38;9994,70;10015,11
2018-02-01 04:39;10015,11;10030,09
2018-02-01 04:40;10030,09;10059,37
2018-02-01 04:41;10059,37;10082,31
2018-02-01 04:42;10082,31;10091,6
2018-02-01 04:43;10091,60;10091,53
2018-02-01 04:44;10091,53;10082,1
2018-02-01 04:45;10082,10;10069,21
2018-02-01 04:46;10069,21;10089,94
2018-02-01 04:47;10089,94;10083,67
2018-02-01 04:48;10083,67;10072,63
2018-02-01 04:49;10072,63;10072,04
2018-02-01 04:50;10072,04;10063,74
2018-02-01 04:51;10063,74;10047,28
2018-02-01 04:52;10047,28;10061,05
2018-02-01 04:53;10061,05;10104,07
2018-02-01 04:54;10104,07;10111,99
2018-02-01 04:55;10111,99;10110,35
2018-02-01 04:56;10110,35;10113,29
2018-02-01 04:57;10113,29;10124,96
2018-02-01 04:58;10124,96;10126,96
2018-02-01 04:59;10126,96;10139,22
2018-02-01 05:00;10139,22;10129,73
2018-02-01 05:01;10129,73;10130,99
2018-02-01 05:02;10130,99;10127,75
2018-02-01 05:03;10127,75;10126,47
2018-02-01 05:04;10126,47;10129,69
2018-02-01 05:05;10129,69;10132,42
2018-02-01 05:06;10132,42;10132,68
2018-02-01 05:07;10132,68;10141,09
2018-02-01 05:08;10141,09;10137,06
2018-02-01 05:09;10137,06;10146,31
2018-02-01 05:10;10146,31;10145,17
2018-02-01 05:11;10145,17;10144,51
2018-02-01 05:12;10144,51;10134,65
2018-02-01 05:13;10134,65;10132,32
2018-02-01 05:14;10132,32;10128,11
2018-02-01 05:15;10128,11;10128,79
2018-02-01 05:16;10128,79;10118,34
2018-02-01 05:17;10118,34;10120,52
2018-02-01 05:18;10120,52;10116,38
2018-02-01 05:19;10116,38;10118,39
2018-02-01 05:20;10118,39;10113,88
2018-02-01 05:21;10113,88;10116,94
2018-02-01 05:22;10116,94;10120,6
2018-02-01 05:23;10120,60;10122,21
2018-02-01 05:24;10122,21;10122,08
2018-02-01 05:25;10122,08;10125,01
2018-02-01 05:26;10125,01;10124,18
2018-02-01 05:27;10124,18;10127,03
2018-02-01 05:28;10127,03;10127,14
2018-02-01 05:29;10127,14;10127,18
2018-02-01 05:30;10127,18;10127,97
2018-02-01 05:31;10127,97;10122,57
2018-02-01 05:32;10122,57;10124,38
2018-02-01 05:33;10124,38;10124,58
2018-02-01 05:34;10124,58;10149,85
2018-02-01 05:35;10149,85;10169,82
2018-02-01 05:36;10169,82;10166,53
2018-02-01 05:37;10166,53;10164,98
2018-02-01 05:38;10164,98;10167,01
2018-02-01 05:39;10167,01;10169,61
2018-02-01 05:40;10169,61;10164,1
2018-02-01 05:41;10164,10;10165,22
2018-02-01 05:42;10165,22;10167,47
2018-02-01 05:43;10167,47;10167,13
2018-02-01 05:44;10167,13;10168,97
2018-02-01 05:45;10168,97;10166,07
2018-02-01 05:46;10166,07;10164,96
2018-02-01 05:47;10164,96;10163,86
2018-02-01 05:48;10163,86;10159,75
2018-02-01 05:49;10159,75;10151,65
2018-02-01 05:50;10151,65;10156,63
2018-02-01 05:51;10156,63;10148,73
2018-02-01 05:52;10148,73;10139,84
2018-02-01 05:53;10139,84;10139,16
2018-02-01 05:54;10139,16;10138,5
2018-02-01 05:55;10138,50;10142,61
2018-02-01 05:56;10142,61;10163,49
2018-02-01 05:57;10163,49;10150,57
2018-02-01 05:58;10150,57;10146,11
2018-02-01 05:59;10146,11;10152,88
2018-02-01 06:00;10152,88;10148,96
2018-02-01 06:01;10148,96;10131,56
2018-02-01 06:02;10131,56;10133,11
2018-02-01 06:03;10133,11;10132,57
2018-02-01 06:04;10132,57;10123,21
2018-02-01 06:05;10123,21;10127,19
2018-02-01 06:06;10127,19;10123,41
2018-02-01 06:07;10123,41;10116,8
2018-02-01 06:08;10116,80;10113,87
2018-02-01 06:09;10113,87;10104,83
2018-02-01 06:10;10104,83;10106,08
2018-02-01 06:11;10106,08;10104,79
2018-02-01 06:12;10104,79;10106,77
2018-02-01 06:13;10106,77;10112,65
2018-02-01 06:14;10112,65;10113,43
2018-02-01 06:15;10113,43;10121,97
2018-02-01 06:16;10121,97;10125,01
2018-02-01 06:17;10125,01;10141,48
2018-02-01 06:18;10141,48;10157,92
2018-02-01 06:19;10157,92;10148,49
2018-02-01 06:20;10148,49;10145,87
2018-02-01 06:21;10145,87;10144,53
2018-02-01 06:22;10144,53;10138,04
2018-02-01 06:23;10138,04;10137,95
2018-02-01 06:24;10137,95;10136,25
2018-02-01 06:25;10136,25;10128,44
2018-02-01 06:26;10128,44;10126,6
2018-02-01 06:27;10126,60;10113,33
2018-02-01 06:28;10113,33;10113,84
2018-02-01 06:29;10113,84;10109,75
2018-02-01 06:30;10109,75;10102,7
2018-02-01 06:31;10102,70;10099,21
2018-02-01 06:32;10099,21;10101,63
2018-02-01 06:33;10101,63;10103,93
2018-02-01 06:34;10103,93;10102,05
2018-02-01 06:35;10102,05;10100,92
2018-02-01 06:36;10100,92;10098,74
2018-02-01 06:37;10098,74;10094,4
2018-02-01 06:38;10094,40;10091,79
2018-02-01 06:39;10091,79;10086,8
2018-02-01 06:40;10086,80;10092,77
2018-02-01 06:41;10092,77;10093,38
2018-02-01 06:42;10093,38;10090,63
2018-02-01 06:43;10090,63;10108,41
2018-02-01 06:44;10108,41;10105,34
2018-02-01 06:45;10105,34;10104,78
2018-02-01 06:46;10104,78;10100,81
2018-02-01 06:47;10100,81;10089,5
2018-02-01 06:48;10089,50;10078,48
2018-02-01 06:49;10078,48;10077,71
2018-02-01 06:50;10077,71;10072,73
2018-02-01 06:51;10072,73;10068,53
2018-02-01 06:52;10068,53;10070,87
2018-02-01 06:53;10070,87;10071,12
2018-02-01 06:54;10071,12;10073,94
2018-02-01 06:55;10073,94;10069,24
2018-02-01 06:56;10069,24;10077,24
2018-02-01 06:57;10077,24;10080,48
2018-02-01 06:58;10080,48;10081,81
2018-02-01 06:59;10081,81;10079,82
2018-02-01 07:00;10079,82;10083,93
2018-02-01 07:01;10083,93;10093,08
2018-02-01 07:02;10093,08;10091,4
2018-02-01 07:03;10091,40;10096,68
2018-02-01 07:04;10096,68;10096,04
2018-02-01 07:05;10096,04;10092,01
2018-02-01 07:06;10092,01;10091,87
2018-02-01 07:07;10091,87;10092,7
2018-02-01 07:08;10092,70;10093,01
2018-02-01 07:09;10093,01;10093
2018-02-01 07:10;10093,00;10098,44
2018-02-01 07:11;10098,44;10102,53
2018-02-01 07:12;10102,53;10100,69
2018-02-01 07:13;10100,69;10099,94
2018-02-01 07:14;10099,94;10098,82
2018-02-01 07:15;10098,82;10096,42
2018-02-01 07:16;10096,42;10099,66
2018-02-01 07:17;10099,66;10099,76
2018-02-01 07:18;10099,76;10097,33
2018-02-01 07:19;10097,33;10096,82
2018-02-01 07:20;10096,82;10095,77
2018-02-01 07:21;10095,77;10095,47
2018-02-01 07:22;10095,47;10096,47
2018-02-01 07:23;10096,47;10096,66
2018-02-01 07:24;10096,66;10098,12
2018-02-01 07:25;10098,12;10093,75
2018-02-01 07:26;10093,75;10094,49
2018-02-01 07:27;10094,49;10093,49
2018-02-01 07:28;10093,49;10079,8
2018-02-01 07:29;10079,80;10075,41
2018-02-01 07:30;10075,41;10092,11
2018-02-01 07:31;10092,11;10089,59
2018-02-01 07:32;10089,59;10092,21
2018-02-01 07:33;10092,21;10093,96
2018-02-01 07:34;10093,96;10100,74
2018-02-01 07:35;10100,74;10120,03
2018-02-01 07:36;10120,03;10122,54
2018-02-01 07:37;10122,54;10107,97
2018-02-01 07:38;10107,97;10107,82
2018-02-01 07:39;10107,82;10104,68
2018-02-01 07:40;10104,68;10108,89
2018-02-01 07:41;10108,89;10113,51
2018-02-01 07:42;10113,51;10113,76
2018-02-01 07:43;10113,76;10112,34
2018-02-01 07:44;10112,34;10106,72
2018-02-01 07:45;10106,72;10091,74
2018-02-01 07:46;10091,74;10090,55
2018-02-01 07:47;10090,55;10089,51
2018-02-01 07:48;10089,51;10091,81
2018-02-01 07:49;10091,81;10090,45
2018-02-01 07:50;10090,45;10094,12
2018-02-01 07:51;10094,12;10097,62
2018-02-01 07:52;10097,62;10085,76
2018-02-01 07:53;10085,76;10078,6
2018-02-01 07:54;10078,60;10076,84
2018-02-01 07:55;10076,84;10076,92
2018-02-01 07:56;10076,92;10067,7
2018-02-01 07:57;10067,70;10061,21
2018-02-01 07:58;10061,21;10052,04
2018-02-01 07:59;10052,04;10049,37
2018-02-01 08:00;10049,37;10050,96
2018-02-01 08:01;10050,96;10051,76
2018-02-01 08:02;10051,76;10051,1
2018-02-01 08:03;10051,10;10050,91
2018-02-01 08:04;10050,91;10048,92
2018-02-01 08:05;10048,92;10048,01
2018-02-01 08:06;10048,01;10043,62
2018-02-01 08:07;10043,62;10045,49
2018-02-01 08:08;10045,49;10033,35
2018-02-01 08:09;10033,35;10010,08
2018-02-01 08:10;10010,08;9988,12
2018-02-01 08:11;9988,12;9963,82
2018-02-01 08:12;9963,82;9951,95
2018-02-01 08:13;9951,95;9935,85
2018-02-01 08:14;9935,85;9915,97
2018-02-01 08:15;9915,97;9929,12
2018-02-01 08:16;9929,12;9950,09
2018-02-01 08:17;9950,09;9941,76
2018-02-01 08:18;9941,76;9960,68
2018-02-01 08:19;9960,68;9964,35
2018-02-01 08:20;9964,35;9955,74
2018-02-01 08:21;9955,74;9951,65
2018-02-01 08:22;9951,65;9972,53
2018-02-01 08:23;9972,53;9968,37
2018-02-01 08:24;9968,37;9967,13
2018-02-01 08:25;9967,13;9939,45
2018-02-01 08:26;9939,45;9932,61
2018-02-01 08:27;9932,61;9929,52
2018-02-01 08:28;9929,52;9930,48
2018-02-01 08:29;9930,48;9918,19
2018-02-01 08:30;9918,19;9910,19
2018-02-01 08:31;9910,19;9903,66
2018-02-01 08:32;9903,66;9868,1
2018-02-01 08:33;9868,10;9845,91
2018-02-01 08:34;9845,91;9857,92
2018-02-01 08:35;9857,92;9870,06
2018-02-01 08:36;9870,06;9847,77
2018-02-01 08:37;9847,77;9857,44
2018-02-01 08:38;9857,44;9848,75
2018-02-01 08:39;9848,75;9842,58
2018-02-01 08:40;9842,58;9828,53
2018-02-01 08:41;9828,53;9805,28
2018-02-01 08:42;9805,28;9773,25
2018-02-01 08:43;9773,25;9767,73
2018-02-01 08:44;9767,73;9810,35
2018-02-01 08:45;9810,35;9833,38
2018-02-01 08:46;9833,38;9819,65
2018-02-01 08:47;9819,65;9819,67
2018-02-01 08:48;9819,67;9824,97
2018-02-01 08:49;9824,97;9842,59
2018-02-01 08:50;9842,59;9848,3
2018-02-01 08:51;9848,30;9844,16
2018-02-01 08:52;9844,16;9839,82
2018-02-01 08:53;9839,82;9827,87
2018-02-01 08:54;9827,87;9844,65
2018-02-01 08:55;9844,65;9864,63
2018-02-01 08:56;9864,63;9842,56
2018-02-01 08:57;9842,56;9829,48
2018-02-01 08:58;9829,48;9840,56
2018-02-01 08:59;9840,56;9841,94
2018-02-01 09:00;9841,94;9873,79
2018-02-01 09:01;9873,79;9892,68
2018-02-01 09:02;9892,68;9896,86
2018-02-01 09:03;9896,86;9885,24
2018-02-01 09:04;9885,24;9883,04
2018-02-01 09:05;9883,04;9877,46
2018-02-01 09:06;9877,46;9876,49
2018-02-01 09:07;9876,49;9864,42
2018-02-01 09:08;9864,42;9825
2018-02-01 09:09;9825,00;9817,03
2018-02-01 09:10;9817,03;9823,44
2018-02-01 09:11;9823,44;9812,28
2018-02-01 09:12;9812,28;9831,5
2018-02-01 09:13;9831,50;9839,63
2018-02-01 09:14;9839,63;9829,76
2018-02-01 09:15;9829,76;9821,81
2018-02-01 09:16;9821,81;9814,96
2018-02-01 09:17;9814,96;9805,4
2018-02-01 09:18;9805,40;9790,25
2018-02-01 09:19;9790,25;9772,97
2018-02-01 09:20;9772,97;9802,78
2018-02-01 09:21;9802,78;9804,29
2018-02-01 09:22;9804,29;9790,2
2018-02-01 09:23;9790,20;9817,1
2018-02-01 09:24;9817,10;9818,84
2018-02-01 09:25;9818,84;9818,03
2018-02-01 09:26;9818,03;9811,17
2018-02-01 09:27;9811,17;9810,9
2018-02-01 09:28;9810,90;9803,9
2018-02-01 09:29;9803,90;9796,67
2018-02-01 09:30;9796,67;9786,14
2018-02-01 09:31;9786,14;9792,23
2018-02-01 09:32;9792,23;9826,19
2018-02-01 09:33;9826,19;9817,14
2018-02-01 09:34;9817,14;9813,72
2018-02-01 09:35;9813,72;9810,3
2018-02-01 09:36;9810,30;9814,52
2018-02-01 09:37;9814,52;9790,93
2018-02-01 09:38;9790,93;9766,74
2018-02-01 09:39;9766,74;9743,02
2018-02-01 09:40;9743,02;9729,61
2018-02-01 09:41;9729,61;9687,46
2018-02-01 09:42;9687,46;9648,15
2018-02-01 09:43;9648,15;9635,13
2018-02-01 09:44;9635,13;9619,83
2018-02-01 09:45;9619,83;9628,14
2018-02-01 09:46;9628,14;9652,41
2018-02-01 09:47;9652,41;9659,87
2018-02-01 09:48;9659,87;9629,13
2018-02-01 09:49;9629,13;9641,73
2018-02-01 09:50;9641,73;9640,92
2018-02-01 09:51;9640,92;9650,33
2018-02-01 09:52;9650,33;9652,33
2018-02-01 09:53;9652,33;9639,59
2018-02-01 09:54;9639,59;9603,56
2018-02-01 09:55;9603,56;9575,78
2018-02-01 09:56;9575,78;9587,66
2018-02-01 09:57;9587,66;9579,88
2018-02-01 09:58;9579,88;9568,81
2018-02-01 09:59;9568,81;9578,71
2018-02-01 10:00;9578,71;9570,25
2018-02-01 10:01;9570,25;9564,29
2018-02-01 10:02;9564,29;9585,58
2018-02-01 10:03;9585,58;9621,45
2018-02-01 10:04;9621,45;9576,16
2018-02-01 10:05;9576,16;9570,3
2018-02-01 10:06;9570,30;9565,38
2018-02-01 10:07;9565,38;9589,45
2018-02-01 10:08;9589,45;9599,54
2018-02-01 10:09;9599,54;9573,22
2018-02-01 10:10;9573,22;9543,02
2018-02-01 10:11;9543,02;9521,96
2018-02-01 10:12;9521,96;9500,21
2018-02-01 10:13;9500,21;9502,12
2018-02-01 10:14;9502,12;9501,25
2018-02-01 10:15;9501,25;9490,54
2018-02-01 10:16;9490,54;9505,16
2018-02-01 10:17;9505,16;9519,73
2018-02-01 10:18;9519,73;9489,29
2018-02-01 10:19;9489,29;9458,44
2018-02-01 10:20;9458,44;9442,14
2018-02-01 10:21;9442,14;9452,93
2018-02-01 10:22;9452,93;9478,58
2018-02-01 10:23;9478,58;9464,69
2018-02-01 10:24;9464,69;9467,78
2018-02-01 10:25;9467,78;9491,3
2018-02-01 10:26;9491,30;9473,34
2018-02-01 10:27;9473,34;9444,59
2018-02-01 10:28;9444,59;9465,04
2018-02-01 10:29;9465,04;9454,05
2018-02-01 10:30;9454,05;9440,86
2018-02-01 10:31;9440,86;9455,69
2018-02-01 10:32;9455,69;9482,78
2018-02-01 10:33;9482,78;9478,51
2018-02-01 10:34;9478,51;9475,68
2018-02-01 10:35;9475,68;9461,18
2018-02-01 10:36;9461,18;9462,99
2018-02-01 10:37;9462,99;9447,24
2018-02-01 10:38;9447,24;9449,42
2018-02-01 10:39;9449,42;9478,99
2018-02-01 10:40;9478,99;9489,91
2018-02-01 10:41;9489,91;9501,68
2018-02-01 10:42;9501,68;9516,79
2018-02-01 10:43;9516,79;9519,1
2018-02-01 10:44;9519,10;9533,92
2018-02-01 10:45;9533,92;9543,73
2018-02-01 10:46;9543,73;9527,25
2018-02-01 10:47;9527,25;9515,38
2018-02-01 10:48;9515,38;9539,59
2018-02-01 10:49;9539,59;9536,1
2018-02-01 10:50;9536,10;9502,34
2018-02-01 10:51;9502,34;9491,56
2018-02-01 10:52;9491,56;9526,84
2018-02-01 10:53;9526,84;9499,77
2018-02-01 10:54;9499,77;9473,48
2018-02-01 10:55;9473,48;9455,03
2018-02-01 10:56;9455,03;9442,61
2018-02-01 10:57;9442,61;9425,38
2018-02-01 10:58;9425,38;9442,85
2018-02-01 10:59;9442,85;9490,73
2018-02-01 11:00;9490,73;9429,04
2018-02-01 11:01;9429,04;9456
2018-02-01 11:02;9456,00;9452,9
2018-02-01 11:03;9452,90;9464,13
2018-02-01 11:04;9464,13;9473,06
2018-02-01 11:05;9473,06;9454,58
2018-02-01 11:06;9454,58;9449,52
2018-02-01 11:07;9449,52;9441
2018-02-01 11:08;9441,00;9435,39
2018-02-01 11:09;9435,39;9439,24
2018-02-01 11:10;9439,24;9433,76
2018-02-01 11:11;9433,76;9454,97
2018-02-01 11:12;9454,97;9450,49
2018-02-01 11:13;9450,49;9443,52
2018-02-01 11:14;9443,52;9450,58
2018-02-01 11:15;9450,58;9458,59
2018-02-01 11:16;9458,59;9474,12
2018-02-01 11:17;9474,12;9471,36
2018-02-01 11:18;9471,36;9481,03
2018-02-01 11:19;9481,03;9492,31
2018-02-01 11:20;9492,31;9493,78
2018-02-01 11:21;9493,78;9479,81
2018-02-01 11:22;9479,81;9487,57
2018-02-01 11:23;9487,57;9478,8
2018-02-01 11:24;9478,80;9473,99
2018-02-01 11:25;9473,99;9476,51
2018-02-01 11:26;9476,51;9518,1
2018-02-01 11:27;9518,10;9534,06
2018-02-01 11:28;9534,06;9525,46
2018-02-01 11:29;9525,46;9528,45
2018-02-01 11:30;9528,45;9557,67
2018-02-01 11:31;9557,67;9573,24
2018-02-01 11:32;9573,24;9568,56
2018-02-01 11:33;9568,56;9579,42
2018-02-01 11:34;9579,42;9585,08
2018-02-01 11:35;9585,08;9598,75
2018-02-01 11:36;9598,75;9613,54
2018-02-01 11:37;9613,54;9622,37
2018-02-01 11:38;9622,37;9604,79
2018-02-01 11:39;9604,79;9575,48
2018-02-01 11:40;9575,48;9605,74
2018-02-01 11:41;9605,74;9586,67
2018-02-01 11:42;9586,67;9580,2
2018-02-01 11:43;9580,20;9569,27
2018-02-01 11:44;9569,27;9569,5
2018-02-01 11:45;9569,50;9561,24
2018-02-01 11:46;9561,24;9569,82
2018-02-01 11:47;9569,82;9583,15
2018-02-01 11:48;9583,15;9585,69
2018-02-01 11:49;9585,69;9598,92
2018-02-01 11:50;9598,92;9600,75
2018-02-01 11:51;9600,75;9601,75
2018-02-01 11:52;9601,75;9585,1
2018-02-01 11:53;9585,10;9599,91
2018-02-01 11:54;9599,91;9591,93
2018-02-01 11:55;9591,93;9563,74
2018-02-01 11:56;9563,74;9560,28
2018-02-01 11:57;9560,28;9548,31
2018-02-01 11:58;9548,31;9541,4
2018-02-01 11:59;9541,40;9525,29
2018-02-01 12:00;9525,29;9504,82
2018-02-01 12:01;9504,82;9509,25
2018-02-01 12:02;9509,25;9523,06
2018-02-01 12:03;9523,06;9532,16
2018-02-01 12:04;9532,16;9531,94
2018-02-01 12:05;9531,94;9547,55
2018-02-01 12:06;9547,55;9539,21
2018-02-01 12:07;9539,21;9528,58
2018-02-01 12:08;9528,58;9564,71
2018-02-01 12:09;9564,71;9568,74
2018-02-01 12:10;9568,74;9546,49
2018-02-01 12:11;9546,49;9545,5
2018-02-01 12:12;9545,50;9528,8
2018-02-01 12:13;9528,80;9530,76
2018-02-01 12:14;9530,76;9518,95
2018-02-01 12:15;9518,95;9506,31
2018-02-01 12:16;9506,31;9474,72
2018-02-01 12:17;9474,72;9465,72
2018-02-01 12:18;9465,72;9461,68
2018-02-01 12:19;9461,68;9450,14
2018-02-01 12:20;9450,14;9433,08
2018-02-01 12:21;9433,08;9420,93
2018-02-01 12:22;9420,93;9407,8
2018-02-01 12:23;9407,80;9372,32
2018-02-01 12:24;9372,32;9335,3
2018-02-01 12:25;9335,30;9345,25
2018-02-01 12:26;9345,25;9356,9
2018-02-01 12:27;9356,90;9344,93
2018-02-01 12:28;9344,93;9325,82
2018-02-01 12:29;9325,82;9308,66
2018-02-01 12:30;9308,66;9304,2
2018-02-01 12:31;9304,20;9335,73
2018-02-01 12:32;9335,73;9358,95
2018-02-01 12:33;9358,95;9340,82
2018-02-01 12:34;9340,82;9359,65
2018-02-01 12:35;9359,65;9345,25
2018-02-01 12:36;9345,25;9337,6
2018-02-01 12:37;9337,60;9321,81
2018-02-01 12:38;9321,81;9300,67
2018-02-01 12:39;9300,67;9288,19
2018-02-01 12:40;9288,19;9267,05
2018-02-01 12:41;9267,05;9273,05
2018-02-01 12:42;9273,05;9300,81
2018-02-01 12:43;9300,81;9320,42
2018-02-01 12:44;9320,42;9296,64
2018-02-01 12:45;9296,64;9305,63
2018-02-01 12:46;9305,63;9314,39
2018-02-01 12:47;9314,39;9327,6
2018-02-01 12:48;9327,60;9328,31
2018-02-01 12:49;9328,31;9332,55
2018-02-01 12:50;9332,55;9342,89
2018-02-01 12:51;9342,89;9351,3
2018-02-01 12:52;9351,30;9360,89
2018-02-01 12:53;9360,89;9376,52
2018-02-01 12:54;9376,52;9383,06
2018-02-01 12:55;9383,06;9394,89
2018-02-01 12:56;9394,89;9390,47
2018-02-01 12:57;9390,47;9375,06
2018-02-01 12:58;9375,06;9343,91
2018-02-01 12:59;9343,91;9354,61
2018-02-01 13:00;9354,61;9368,84
2018-02-01 13:01;9368,84;9343,79
2018-02-01 13:02;9343,79;9346,12
2018-02-01 13:03;9346,12;9334,52
2018-02-01 13:04;9334,52;9336,27
2018-02-01 13:05;9336,27;9331,14
2018-02-01 13:06;9331,14;9340,9
2018-02-01 13:07;9340,90;9350,2
2018-02-01 13:08;9350,20;9377,73
2018-02-01 13:09;9377,73;9370,29
2018-02-01 13:10;9370,29;9362,48
2018-02-01 13:11;9362,48;9375,4
2018-02-01 13:12;9375,40;9364,75
2018-02-01 13:13;9364,75;9340,99
2018-02-01 13:14;9340,99;9336,11
2018-02-01 13:15;9336,11;9322,83
2018-02-01 13:16;9322,83;9302,45
2018-02-01 13:17;9302,45;9309,11
2018-02-01 13:18;9309,11;9263
2018-02-01 13:19;9263,00;9245
2018-02-01 13:20;9245,00;9233,88
2018-02-01 13:21;9233,88;9223,38
2018-02-01 13:22;9223,38;9235,12
2018-02-01 13:23;9235,12;9260,72
2018-02-01 13:24;9260,72;9279,39
2018-02-01 13:25;9279,39;9295,86
2018-02-01 13:26;9295,86;9269,57
2018-02-01 13:27;9269,57;9272,53
2018-02-01 13:28;9272,53;9295,58
2018-02-01 13:29;9295,58;9299,47
2018-02-01 13:30;9299,47;9293,19
2018-02-01 13:31;9293,19;9279,45
2018-02-01 13:32;9279,45;9262,68
2018-02-01 13:33;9262,68;9269,27
2018-02-01 13:34;9269,27;9276,22
2018-02-01 13:35;9276,22;9266,67
2018-02-01 13:36;9266,67;9265,24
2018-02-01 13:37;9265,24;9251,76
2018-02-01 13:38;9251,76;9227,26
2018-02-01 13:39;9227,26;9180,99
2018-02-01 13:40;9180,99;9179,51
2018-02-01 13:41;9179,51;9167,49
2018-02-01 13:42;9167,49;9157,49
2018-02-01 13:43;9157,49;9157,4
2018-02-01 13:44;9157,40;9159,33
2018-02-01 13:45;9159,33;9189,31
2018-02-01 13:46;9189,31;9195,25
2018-02-01 13:47;9195,25;9200,05
2018-02-01 13:48;9200,05;9198,44
2018-02-01 13:49;9198,44;9192,93
2018-02-01 13:50;9192,93;9190,97
2018-02-01 13:51;9190,97;9206,8
2018-02-01 13:52;9206,80;9232,21
2018-02-01 13:53;9232,21;9229,83
2018-02-01 13:54;9229,83;9228,8
2018-02-01 13:55;9228,80;9192,63
2018-02-01 13:56;9192,63;9138,34
2018-02-01 13:57;9138,34;9185,03
2018-02-01 13:58;9185,03;9205,99
2018-02-01 13:59;9205,99;9176,99
2018-02-01 14:00;9176,99;9201,12
2018-02-01 14:01;9201,12;9246,8
2018-02-01 14:02;9246,80;9272,7
2018-02-01 14:03;9272,70;9314,16
2018-02-01 14:04;9314,16;9293,58
2018-02-01 14:05;9293,58;9299,13
2018-02-01 14:06;9299,13;9272,25
2018-02-01 14:07;9272,25;9298,83
2018-02-01 14:08;9298,83;9314,64
2018-02-01 14:09;9314,64;9283,31
2018-02-01 14:10;9283,31;9273,82
2018-02-01 14:11;9273,82;9284,87
2018-02-01 14:12;9284,87;9299,66
2018-02-01 14:13;9299,66;9287,94
2018-02-01 14:14;9287,94;9273,82
2018-02-01 14:15;9273,82;9266,1
2018-02-01 14:16;9266,10;9221,99
2018-02-01 14:17;9221,99;9254,38
2018-02-01 14:18;9254,38;9264,09
2018-02-01 14:19;9264,09;9291,65
2018-02-01 14:20;9291,65;9322,14
2018-02-01 14:21;9322,14;9346,66
2018-02-01 14:22;9346,66;9363,65
2018-02-01 14:23;9363,65;9351,52
2018-02-01 14:24;9351,52;9346,16
2018-02-01 14:25;9346,16;9372,44
2018-02-01 14:26;9372,44;9361,92
2018-02-01 14:27;9361,92;9352,79
2018-02-01 14:28;9352,79;9358,8
2018-02-01 14:29;9358,80;9351,28
2018-02-01 14:30;9351,28;9333,54
2018-02-01 14:31;9333,54;9347,25
2018-02-01 14:32;9347,25;9337,99
2018-02-01 14:33;9337,99;9343,43
2018-02-01 14:34;9343,43;9348,86
2018-02-01 14:35;9348,86;9376,33
2018-02-01 14:36;9376,33;9389,27
2018-02-01 14:37;9389,27;9427,89
2018-02-01 14:38;9427,89;9418,61
2018-02-01 14:39;9418,61;9408,24
2018-02-01 14:40;9408,24;9426,95
2018-02-01 14:41;9426,95;9441,19
2018-02-01 14:42;9441,19;9438,18
2018-02-01 14:43;9438,18;9427,41
2018-02-01 14:44;9427,41;9400,53
2018-02-01 14:45;9400,53;9398,01
2018-02-01 14:46;9398,01;9398,05
2018-02-01 14:47;9398,05;9383,47
2018-02-01 14:48;9383,47;9369,05
2018-02-01 14:49;9369,05;9364,06
2018-02-01 14:50;9364,06;9356,54
2018-02-01 14:51;9356,54;9355,18
2018-02-01 14:52;9355,18;9374,71
2018-02-01 14:53;9374,71;9332,13
2018-02-01 14:54;9332,13;9314,52
2018-02-01 14:55;9314,52;9299,26
2018-02-01 14:56;9299,26;9313,18
2018-02-01 14:57;9313,18;9292,41
2018-02-01 14:58;9292,41;9300,25
2018-02-01 14:59;9300,25;9317,15
2018-02-01 15:00;9317,15;9340,88
2018-02-01 15:01;9340,88;9316,28
2018-02-01 15:02;9316,28;9319,82
2018-02-01 15:03;9319,82;9344,56
2018-02-01 15:04;9344,56;9316,6
2018-02-01 15:05;9316,60;9301,54
2018-02-01 15:06;9301,54;9323,84
2018-02-01 15:07;9323,84;9325,24
2018-02-01 15:08;9325,24;9316,48
2018-02-01 15:09;9316,48;9341,97
2018-02-01 15:10;9341,97;9328,07
2018-02-01 15:11;9328,07;9347,12
2018-02-01 15:12;9347,12;9340,74
2018-02-01 15:13;9340,74;9337,89
2018-02-01 15:14;9337,89;9347,27
2018-02-01 15:15;9347,27;9338,34
2018-02-01 15:16;9338,34;9325,89
2018-02-01 15:17;9325,89;9310,73
2018-02-01 15:18;9310,73;9308,05
2018-02-01 15:19;9308,05;9307,02
2018-02-01 15:20;9307,02;9310,76
2018-02-01 15:21;9310,76;9312,27
2018-02-01 15:22;9312,27;9322,08
2018-02-01 15:23;9322,08;9313,79
2018-02-01 15:24;9313,79;9297,16
2018-02-01 15:25;9297,16;9301,82
2018-02-01 15:26;9301,82;9312,94
2018-02-01 15:27;9312,94;9312,2
2018-02-01 15:28;9312,20;9308,4
2018-02-01 15:29;9308,40;9309,48
2018-02-01 15:30;9309,48;9307,03
2018-02-01 15:31;9307,03;9311,96
2018-02-01 15:32;9311,96;9319,3
2018-02-01 15:33;9319,30;9333,04
2018-02-01 15:34;9333,04;9318,27
2018-02-01 15:35;9318,27;9321,14
2018-02-01 15:36;9321,14;9327,7
2018-02-01 15:37;9327,70;9320,92
2018-02-01 15:38;9320,92;9320,69
2018-02-01 15:39;9320,69;9324,62
2018-02-01 15:40;9324,62;9329,78
2018-02-01 15:41;9329,78;9322,42
2018-02-01 15:42;9322,42;9320,27
2018-02-01 15:43;9320,27;9317,74
2018-02-01 15:44;9317,74;9312,48
2018-02-01 15:45;9312,48;9296,03
2018-02-01 15:46;9296,03;9247,32
2018-02-01 15:47;9247,32;9241,41
2018-02-01 15:48;9241,41;9212,87
2018-02-01 15:49;9212,87;9219,17
2018-02-01 15:50;9219,17;9239,12
2018-02-01 15:51;9239,12;9218,63
2018-02-01 15:52;9218,63;9242,02
2018-02-01 15:53;9242,02;9212,8
2018-02-01 15:54;9212,80;9212,71
2018-02-01 15:55;9212,71;9229,11
2018-02-01 15:56;9229,11;9221,6
2018-02-01 15:57;9221,60;9225,4
2018-02-01 15:58;9225,40;9251,17
2018-02-01 15:59;9251,17;9244,61
2018-02-01 16:00;9244,61;9250,93
2018-02-01 16:01;9250,93;9245,71
2018-02-01 16:02;9245,71;9240,05
2018-02-01 16:03;9240,05;9216,98
2018-02-01 16:04;9216,98;9219,29
2018-02-01 16:05;9219,29;9207,81
2018-02-01 16:06;9207,81;9211,86
2018-02-01 16:07;9211,86;9186,06
2018-02-01 16:08;9186,06;9159,41
2018-02-01 16:09;9159,41;9128,99
2018-02-01 16:10;9128,99;9140,72
2018-02-01 16:11;9140,72;9163,45
2018-02-01 16:12;9163,45;9157,18
2018-02-01 16:13;9157,18;9151,3
2018-02-01 16:14;9151,30;9139,97
2018-02-01 16:15;9139,97;9153,24
2018-02-01 16:16;9153,24;9154,57
2018-02-01 16:17;9154,57;9163,08
2018-02-01 16:18;9163,08;9197,56
2018-02-01 16:19;9197,56;9182,02
2018-02-01 16:20;9182,02;9190,47
2018-02-01 16:21;9190,47;9177,41
2018-02-01 16:22;9177,41;9167,08
2018-02-01 16:23;9167,08;9157,66
2018-02-01 16:24;9157,66;9144,07
2018-02-01 16:25;9144,07;9165,03
2018-02-01 16:26;9165,03;9181,7
2018-02-01 16:27;9181,70;9141,31
2018-02-01 16:28;9141,31;9147,46
2018-02-01 16:29;9147,46;9114,48
2018-02-01 16:30;9114,48;9080,32
2018-02-01 16:31;9080,32;9099,87
2018-02-01 16:32;9099,87;9089,72
2018-02-01 16:33;9089,72;9077,49
2018-02-01 16:34;9077,49;9035,05
2018-02-01 16:35;9035,05;9019,89
2018-02-01 16:36;9019,89;9001,64
2018-02-01 16:37;9001,64;8970,31
2018-02-01 16:38;8970,31;8951,84
2018-02-01 16:39;8951,84;8932,89
2018-02-01 16:40;8932,89;8965,84
2018-02-01 16:41;8965,84;9056,42
2018-02-01 16:42;9056,42;9045,64
2018-02-01 16:43;9045,64;9061,1
2018-02-01 16:44;9061,10;9045,38
2018-02-01 16:45;9045,38;9067,95
2018-02-01 16:46;9067,95;9117,8
2018-02-01 16:47;9117,80;9102,54
2018-02-01 16:48;9102,54;9097,89
2018-02-01 16:49;9097,89;9077,7
2018-02-01 16:50;9077,70;9041,78
2018-02-01 16:51;9041,78;9079,35
2018-02-01 16:52;9079,35;9072,38
2018-02-01 16:53;9072,38;9052,13
2018-02-01 16:54;9052,13;8996,17
2018-02-01 16:55;8996,17;8948,68
2018-02-01 16:56;8948,68;8945,64
2018-02-01 16:57;8945,64;9017,16
2018-02-01 16:58;9017,16;9005,88
2018-02-01 16:59;9005,88;9021,79
2018-02-01 17:00;9021,79;8994,63
2018-02-01 17:01;8994,63;8977,37
2018-02-01 17:02;8977,37;8981,27
2018-02-01 17:03;8981,27;8996,64
2018-02-01 17:04;8996,64;9022,72
2018-02-01 17:05;9022,72;9016,52
2018-02-01 17:06;9016,52;8988,12
2018-02-01 17:07;8988,12;8973,02
2018-02-01 17:08;8973,02;8994,55
2018-02-01 17:09;8994,55;8973,22
2018-02-01 17:10;8973,22;8958,49
2018-02-01 17:11;8958,49;8999,83
2018-02-01 17:12;8999,83;9019,08
2018-02-01 17:13;9019,08;9022,14
2018-02-01 17:14;9022,14;9001,2
2018-02-01 17:15;9001,20;9024,92
2018-02-01 17:16;9024,92;9010,52
2018-02-01 17:17;9010,52;8985,16
2018-02-01 17:18;8985,16;8987,23
2018-02-01 17:19;8987,23;8987,08
2018-02-01 17:20;8987,08;8964,52
2018-02-01 17:21;8964,52;8954,41
2018-02-01 17:22;8954,41;8966,94
2018-02-01 17:23;8966,94;8954,12
2018-02-01 17:24;8954,12;8959,28
2018-02-01 17:25;8959,28;8968,51
2018-02-01 17:26;8968,51;9007,7
2018-02-01 17:27;9007,70;8990,93
2018-02-01 17:28;8990,93;9002,23
2018-02-01 17:29;9002,23;8993,34
2018-02-01 17:30;8993,34;8987,93
2018-02-01 17:31;8987,93;8998,04
2018-02-01 17:32;8998,04;8973,85
2018-02-01 17:33;8973,85;8971,74
2018-02-01 17:34;8971,74;8979,09
2018-02-01 17:35;8979,09;9009,18
2018-02-01 17:36;9009,18;8997,37
2018-02-01 17:37;8997,37;9018,2
2018-02-01 17:38;9018,20;9046,34
2018-02-01 17:39;9046,34;9038,01
2018-02-01 17:40;9038,01;9012,28
2018-02-01 17:41;9012,28;9019,6
2018-02-01 17:42;9019,60;9038,53
2018-02-01 17:43;9038,53;9072,9
2018-02-01 17:44;9072,90;9055,07
2018-02-01 17:45;9055,07;9053,87
2018-02-01 17:46;9053,87;9067,44
2018-02-01 17:47;9067,44;9066,12
2018-02-01 17:48;9066,12;9054,04
2018-02-01 17:49;9054,04;9026,35
2018-02-01 17:50;9026,35;9023,38
2018-02-01 17:51;9023,38;9004,53
2018-02-01 17:52;9004,53;9007,86
2018-02-01 17:53;9007,86;9010,19
2018-02-01 17:54;9010,19;9028,35
2018-02-01 17:55;9028,35;9027,14
2018-02-01 17:56;9027,14;9031,73
2018-02-01 17:57;9031,73;9034,86
2018-02-01 17:58;9034,86;9036,18
2018-02-01 17:59;9036,18;9028,92
2018-02-01 18:00;9028,92;9002,13
2018-02-01 18:01;9002,13;8986,37
2018-02-01 18:02;8986,37;8986,16
2018-02-01 18:03;8986,16;8993,92
2018-02-01 18:04;8993,92;8995,67
2018-02-01 18:05;8995,67;9019,83
2018-02-01 18:06;9019,83;9035,38
2018-02-01 18:07;9035,38;9029,41
2018-02-01 18:08;9029,41;9022,16
2018-02-01 18:09;9022,16;9030,6
2018-02-01 18:10;9030,60;9026,26
2018-02-01 18:11;9026,26;9033,95
2018-02-01 18:12;9033,95;9035,59
2018-02-01 18:13;9035,59;9063,13
2018-02-01 18:14;9063,13;9046,53
2018-02-01 18:15;9046,53;9067,17
2018-02-01 18:16;9067,17;9057,09
2018-02-01 18:17;9057,09;9038,74
2018-02-01 18:18;9038,74;9050,25
2018-02-01 18:19;9050,25;9036,48
2018-02-01 18:20;9036,48;9037,96
2018-02-01 18:21;9037,96;9035,83
2018-02-01 18:22;9035,83;9043,33
2018-02-01 18:23;9043,33;9054,41
2018-02-01 18:24;9054,41;9035,14
2018-02-01 18:25;9035,14;9028,93
2018-02-01 18:26;9028,93;9021,98
2018-02-01 18:27;9021,98;9038,55
2018-02-01 18:28;9038,55;9034,82
2018-02-01 18:29;9034,82;9019,46
2018-02-01 18:30;9019,46;9003,94
2018-02-01 18:31;9003,94;8996,94
2018-02-01 18:32;8996,94;9018,11
2018-02-01 18:33;9018,11;9007,54
2018-02-01 18:34;9007,54;8985,29
2018-02-01 18:35;8985,29;8969,12
2018-02-01 18:36;8969,12;8975,04
2018-02-01 18:37;8975,04;8989,45
2018-02-01 18:38;8989,45;8989,96
2018-02-01 18:39;8989,96;8985,16
2018-02-01 18:40;8985,16;8989,76
2018-02-01 18:41;8989,76;9003,48
2018-02-01 18:42;9003,48;8987,22
2018-02-01 18:43;8987,22;8989,6
2018-02-01 18:44;8989,60;9001,06
2018-02-01 18:45;9001,06;9012,14
2018-02-01 18:46;9012,14;9013,11
2018-02-01 18:47;9013,11;9016,97
2018-02-01 18:48;9016,97;9021,64
2018-02-01 18:49;9021,64;9031,89
2018-02-01 18:50;9031,89;9040,82
2018-02-01 18:51;9040,82;9049,85
2018-02-01 18:52;9049,85;9051,51
2018-02-01 18:53;9051,51;9046,22
2018-02-01 18:54;9046,22;9043,35
2018-02-01 18:55;9043,35;9041,05
2018-02-01 18:56;9041,05;9033,91
2018-02-01 18:57;9033,91;9034,6
2018-02-01 18:58;9034,60;9029,84
2018-02-01 18:59;9029,84;9030,49
2018-02-01 19:00;9030,49;9010,89
2018-02-01 19:01;9010,89;8990,29
2018-02-01 19:02;8990,29;8990,23
2018-02-01 19:03;8990,23;8998,69
2018-02-01 19:04;8998,69;9002,65
2018-02-01 19:05;9002,65;8993,65
2018-02-01 19:06;8993,65;8986,02
2018-02-01 19:07;8986,02;8972,11
2018-02-01 19:08;8972,11;8972,72
2018-02-01 19:09;8972,72;8997,58
2018-02-01 19:10;8997,58;8988,76
2018-02-01 19:11;8988,76;8974,65
2018-02-01 19:12;8974,65;8982,75
2018-02-01 19:13;8982,75;8980,69
2018-02-01 19:14;8980,69;8979,11
2018-02-01 19:15;8979,11;8976,15
2018-02-01 19:16;8976,15;8957,45
2018-02-01 19:17;8957,45;8929,73
2018-02-01 19:18;8929,73;8912,15
2018-02-01 19:19;8912,15;8873,71
2018-02-01 19:20;8873,71;8829,12
2018-02-01 19:21;8829,12;8871,18
2018-02-01 19:22;8871,18;8847,18
2018-02-01 19:23;8847,18;8823,4
2018-02-01 19:24;8823,40;8799,59
2018-02-01 19:25;8799,59;8850,95
2018-02-01 19:26;8850,95;8883,11
2018-02-01 19:27;8883,11;8857,18
2018-02-01 19:28;8857,18;8818,49
2018-02-01 19:29;8818,49;8860,31
2018-02-01 19:30;8860,31;8864,7
2018-02-01 19:31;8864,70;8879,83
2018-02-01 19:32;8879,83;8845,01
2018-02-01 19:33;8845,01;8842,85
2018-02-01 19:34;8842,85;8811,44
2018-02-01 19:35;8811,44;8805,77
2018-02-01 19:36;8805,77;8820,89
2018-02-01 19:37;8820,89;8811,14
2018-02-01 19:38;8811,14;8808,37
2018-02-01 19:39;8808,37;8815,08
2018-02-01 19:40;8815,08;8830,05
2018-02-01 19:41;8830,05;8816,01
2018-02-01 19:42;8816,01;8819,52
2018-02-01 19:43;8819,52;8798,19
2018-02-01 19:44;8798,19;8820,48
2018-02-01 19:45;8820,48;8822,78
2018-02-01 19:46;8822,78;8814,82
2018-02-01 19:47;8814,82;8821,33
2018-02-01 19:48;8821,33;8827,52
2018-02-01 19:49;8827,52;8831,87
2018-02-01 19:50;8831,87;8817,11
2018-02-01 19:51;8817,11;8790,1
2018-02-01 19:52;8790,10;8759,11
2018-02-01 19:53;8759,11;8814,51
2018-02-01 19:54;8814,51;8805,61
2018-02-01 19:55;8805,61;8767,58
2018-02-01 19:56;8767,58;8807,07
2018-02-01 19:57;8807,07;8812,73
2018-02-01 19:58;8812,73;8801,92
2018-02-01 19:59;8801,92;8775,04
2018-02-01 20:00;8775,04;8797,23
2018-02-01 20:01;8797,23;8783,35
2018-02-01 20:02;8783,35;8768,1
2018-02-01 20:03;8768,10;8761,58
2018-02-01 20:04;8761,58;8773,82
2018-02-01 20:05;8773,82;8779,55
2018-02-01 20:06;8779,55;8777,1
2018-02-01 20:07;8777,10;8768,13
2018-02-01 20:08;8768,13;8752,88
2018-02-01 20:09;8752,88;8749,86
2018-02-01 20:10;8749,86;8724,44
2018-02-01 20:11;8724,44;8728,29
2018-02-01 20:12;8728,29;8700,79
2018-02-01 20:13;8700,79;8668,95
2018-02-01 20:14;8668,95;8637,9
2018-02-01 20:15;8637,90;8632,12
2018-02-01 20:16;8632,12;8621,89
2018-02-01 20:17;8621,89;8607,84
2018-02-01 20:18;8607,84;8597,13
2018-02-01 20:19;8597,13;8582,91
2018-02-01 20:20;8582,91;8573,92
2018-02-01 20:21;8573,92;8563,93
2018-02-01 20:22;8563,93;8575,67
2018-02-01 20:23;8575,67;8654,82
2018-02-01 20:24;8654,82;8679,51
2018-02-01 20:25;8679,51;8773,17
2018-02-01 20:26;8773,17;8853,76
2018-02-01 20:27;8853,76;8827,29
2018-02-01 20:28;8827,29;8882,24
2018-02-01 20:29;8882,24;8928,34
2018-02-01 20:30;8928,34;9029,69
2018-02-01 20:31;9029,69;9057,95
2018-02-01 20:32;9057,95;9043,75
2018-02-01 20:33;9043,75;8975,23
2018-02-01 20:34;8975,23;8921,21
2018-02-01 20:35;8921,21;8969,13
2018-02-01 20:36;8969,13;9001,41
2018-02-01 20:37;9001,41;9016,7
2018-02-01 20:38;9016,70;8937,01
2018-02-01 20:39;8937,01;8942,92
2018-02-01 20:40;8942,92;8927,43
2018-02-01 20:41;8927,43;8883,98
2018-02-01 20:42;8883,98;8897,42
2018-02-01 20:43;8897,42;8953,03
2018-02-01 20:44;8953,03;8951,24
2018-02-01 20:45;8951,24;8958,29
2018-02-01 20:46;8958,29;8963,16
2018-02-01 20:47;8963,16;8936,82
2018-02-01 20:48;8936,82;8974,38
2018-02-01 20:49;8974,38;8982,33
2018-02-01 20:50;8982,33;8974,63
2018-02-01 20:51;8974,63;9017,33
2018-02-01 20:52;9017,33;9053,76
2018-02-01 20:53;9053,76;9069,6
2018-02-01 20:54;9069,60;9152,28
2018-02-01 20:55;9152,28;9215,05
2018-02-01 20:56;9215,05;9147,48
2018-02-01 20:57;9147,48;9188,01
2018-02-01 20:58;9188,01;9167,74
2018-02-01 20:59;9167,74;9126,98
2018-02-01 21:00;9126,98;9162,75
2018-02-01 21:01;9162,75;9148,59
2018-02-01 21:02;9148,59;9138,12
2018-02-01 21:03;9138,12;9100,76
2018-02-01 21:04;9100,76;9037,51
2018-02-01 21:05;9037,51;9105,41
2018-02-01 21:06;9105,41;9128,05
2018-02-01 21:07;9128,05;9139,76
2018-02-01 21:08;9139,76;9101,72
2018-02-01 21:09;9101,72;9051,43
2018-02-01 21:10;9051,43;9088,31
2018-02-01 21:11;9088,31;9099,38
2018-02-01 21:12;9099,38;9067,77
2018-02-01 21:13;9067,77;9102,79
2018-02-01 21:14;9102,79;9105,28
2018-02-01 21:15;9105,28;9090,89
2018-02-01 21:16;9090,89;9095,4
2018-02-01 21:17;9095,40;9118,63
2018-02-01 21:18;9118,63;9204,33
2018-02-01 21:19;9204,33;9215,75
2018-02-01 21:20;9215,75;9202,37
2018-02-01 21:21;9202,37;9194,26
2018-02-01 21:22;9194,26;9167,7
2018-02-01 21:23;9167,70;9127,11
2018-02-01 21:24;9127,11;9156,47
2018-02-01 21:25;9156,47;9149,17
2018-02-01 21:26;9149,17;9161,55
2018-02-01 21:27;9161,55;9177,18
2018-02-01 21:28;9177,18;9169,55
2018-02-01 21:29;9169,55;9148,61
2018-02-01 21:30;9148,61;9152,02
2018-02-01 21:31;9152,02;9158,82
2018-02-01 21:32;9158,82;9195,64
2018-02-01 21:33;9195,64;9188,32
2018-02-01 21:34;9188,32;9171,11
2018-02-01 21:35;9171,11;9181,57
2018-02-01 21:36;9181,57;9192,02
2018-02-01 21:37;9192,02;9234,76
2018-02-01 21:38;9234,76;9227,27
2018-02-01 21:39;9227,27;9238,21
2018-02-01 21:40;9238,21;9253,84
2018-02-01 21:41;9253,84;9251,56
2018-02-01 21:42;9251,56;9257,96
2018-02-01 21:43;9257,96;9272,63
2018-02-01 21:44;9272,63;9283,89
2018-02-01 21:45;9283,89;9276,63
2018-02-01 21:46;9276,63;9230,89
2018-02-01 21:47;9230,89;9220,81
2018-02-01 21:48;9220,81;9250,81
2018-02-01 21:49;9250,81;9226,78
2018-02-01 21:50;9226,78;9195,5
2018-02-01 21:51;9195,50;9201,74
2018-02-01 21:52;9201,74;9190,75
2018-02-01 21:53;9190,75;9153,58
2018-02-01 21:54;9153,58;9145,17
2018-02-01 21:55;9145,17;9178,51
2018-02-01 21:56;9178,51;9144,86
2018-02-01 21:57;9144,86;9126,25
2018-02-01 21:58;9126,25;9142,73
2018-02-01 21:59;9142,73;9146,15
2018-02-01 22:00;9146,15;9145,45
2018-02-01 22:01;9145,45;9117,72
2018-02-01 22:02;9117,72;9071,44
2018-02-01 22:03;9071,44;9049,84
2018-02-01 22:04;9049,84;9069,21
2018-02-01 22:05;9069,21;9084,49
2018-02-01 22:06;9084,49;9058,37
2018-02-01 22:07;9058,37;9058,9
2018-02-01 22:08;9058,90;9073,86
2018-02-01 22:09;9073,86;9070,45
2018-02-01 22:10;9070,45;9104,25
2018-02-01 22:11;9104,25;9128,45
2018-02-01 22:12;9128,45;9138,52
2018-02-01 22:13;9138,52;9164,02
2018-02-01 22:14;9164,02;9158,45
2018-02-01 22:15;9158,45;9130,98
2018-02-01 22:16;9130,98;9147,17
2018-02-01 22:17;9147,17;9144,53
2018-02-01 22:18;9144,53;9136,87
2018-02-01 22:19;9136,87;9135,44
2018-02-01 22:20;9135,44;9110,61
2018-02-01 22:21;9110,61;9099,8
2018-02-01 22:22;9099,80;9098,46
2018-02-01 22:23;9098,46;9109,69
2018-02-01 22:24;9109,69;9100,71
2018-02-01 22:25;9100,71;9075,96
2018-02-01 22:26;9075,96;9070,9
2018-02-01 22:27;9070,90;9072,62
2018-02-01 22:28;9072,62;9075,41
2018-02-01 22:29;9075,41;9091,86
2018-02-01 22:30;9091,86;9077,61
2018-02-01 22:31;9077,61;9082,63
2018-02-01 22:32;9082,63;9091,23
2018-02-01 22:33;9091,23;9115,28
2018-02-01 22:34;9115,28;9130,57
2018-02-01 22:35;9130,57;9112,87
2018-02-01 22:36;9112,87;9113,89
2018-02-01 22:37;9113,89;9114,56
2018-02-01 22:38;9114,56;9107,97
2018-02-01 22:39;9107,97;9093,1
2018-02-01 22:40;9093,10;9081,6
2018-02-01 22:41;9081,60;9043,08
2018-02-01 22:42;9043,08;9016,18
2018-02-01 22:43;9016,18;9007,77
2018-02-01 22:44;9007,77;9004,69
2018-02-01 22:45;9004,69;8997,73
2018-02-01 22:46;8997,73;8994,63
2018-02-01 22:47;8994,63;8993,23
2018-02-01 22:48;8993,23;9001,83
2018-02-01 22:49;9001,83;9005,98
2018-02-01 22:50;9005,98;9006,76
2018-02-01 22:51;9006,76;9002,32
2018-02-01 22:52;9002,32;8968,65
2018-02-01 22:53;8968,65;8959,17
2018-02-01 22:54;8959,17;8954,06
2018-02-01 22:55;8954,06;8968,67
2018-02-01 22:56;8968,67;8988,7
2018-02-01 22:57;8988,70;8994,07
2018-02-01 22:58;8994,07;8990,47
2018-02-01 22:59;8990,47;8991,19
2018-02-01 23:00;8991,19;8973,79
2018-02-01 23:01;8973,79;8959,7
2018-02-01 23:02;8959,70;8948,47
2018-02-01 23:03;8948,47;8956,14
2018-02-01 23:04;8956,14;8972,52
2018-02-01 23:05;8972,52;8989,47
2018-02-01 23:06;8989,47;9019,59
2018-02-01 23:07;9019,59;9047,09
2018-02-01 23:08;9047,09;9045,95
2018-02-01 23:09;9045,95;9020,28
2018-02-01 23:10;9020,28;9018,06
2018-02-01 23:11;9018,06;9020,62
2018-02-01 23:12;9020,62;9022,53
2018-02-01 23:13;9022,53;9019,04
2018-02-01 23:14;9019,04;8984,33
2018-02-01 23:15;8984,33;8984,28
2018-02-01 23:16;8984,28;8979,43
2018-02-01 23:17;8979,43;8983,85
2018-02-01 23:18;8983,85;8994,52
2018-02-01 23:19;8994,52;9022,12
2018-02-01 23:20;9022,12;9024,37
2018-02-01 23:21;9024,37;9022,18
2018-02-01 23:22;9022,18;9032,02
2018-02-01 23:23;9032,02;9029,66
2018-02-01 23:24;9029,66;9053,2
2018-02-01 23:25;9053,20;9076,92
2018-02-01 23:26;9076,92;9096,51
2018-02-01 23:27;9096,51;9081,58
2018-02-01 23:28;9081,58;9099,92
2018-02-01 23:29;9099,92;9119,24
2018-02-01 23:30;9119,24;9132,7
2018-02-01 23:31;9132,70;9124,73
2018-02-01 23:32;9124,73;9097,72
2018-02-01 23:33;9097,72;9083,14
2018-02-01 23:34;9083,14;9093,93
2018-02-01 23:35;9093,93;9094,15
2018-02-01 23:36;9094,15;9093,75
2018-02-01 23:37;9093,75;9100,23
2018-02-01 23:38;9100,23;9100,09
2018-02-01 23:39;9100,09;9096,14
2018-02-01 23:40;9096,14;9120,87
2018-02-01 23:41;9120,87;9125,84
2018-02-01 23:42;9125,84;9122,98
2018-02-01 23:43;9122,98;9125,17
2018-02-01 23:44;9125,17;9130,27
2018-02-01 23:45;9130,27;9153,33
2018-02-01 23:46;9153,33;9149,17
2018-02-01 23:47;9149,17;9145,14
2018-02-01 23:48;9145,14;9135,95
2018-02-01 23:49;9135,95;9129,14
2018-02-01 23:50;9129,14;9129,77
2018-02-01 23:51;9129,77;9125
2018-02-01 23:52;9125,00;9108,3
2018-02-01 23:53;9108,30;9087,69
2018-02-01 23:54;9087,69;9087,89
2018-02-01 23:55;9087,89;9092,32
2018-02-01 23:56;9092,32;9069,96
2018-02-01 23:57;9069,96;9045,46
2018-02-01 23:58;9045,46;9052,85
2018-02-01 23:59;9052,85;9082,01
2018-02-02 00:01;9082,01;9049,41
2018-02-02 00:02;9049,41;9066,2
2018-02-02 00:03;9066,20;9057,92
2018-02-02 00:04;9057,92;9062,19
2018-02-02 00:05;9062,19;9024,49
2018-02-02 00:06;9024,49;8975,96
2018-02-02 00:07;8975,96;8948,09
2018-02-02 00:08;8948,09;8942,18
2018-02-02 00:09;8942,18;8963,13
2018-02-02 00:10;8963,13;8971,42
2018-02-02 00:11;8971,42;8941,49
2018-02-02 00:12;8941,49;8958,37
2018-02-02 00:13;8958,37;8939,21
2018-02-02 00:14;8939,21;8936,33
2018-02-02 00:15;8936,33;8926,54
2018-02-02 00:16;8926,54;8901,12
2018-02-02 00:17;8901,12;8905,31
2018-02-02 00:18;8905,31;8937,71
2018-02-02 00:19;8937,71;8917,18
2018-02-02 00:20;8917,18;8921,61
2018-02-02 00:21;8921,61;8917,1
2018-02-02 00:22;8917,10;8915,71
2018-02-02 00:23;8915,71;8930,1
2018-02-02 00:24;8930,10;8917,34
2018-02-02 00:25;8917,34;8899,96
2018-02-02 00:26;8899,96;8846,76
2018-02-02 00:27;8846,76;8793,68
2018-02-02 00:28;8793,68;8833,29
2018-02-02 00:29;8833,29;8876,3
2018-02-02 00:30;8876,30;8838,53
2018-02-02 00:31;8838,53;8833,41
2018-02-02 00:32;8833,41;8868,03
2018-02-02 00:33;8868,03;8831,47
2018-02-02 00:34;8831,47;8839,98
2018-02-02 00:35;8839,98;8832,9
2018-02-02 00:36;8832,90;8812,73
2018-02-02 00:37;8812,73;8771,7
2018-02-02 00:38;8771,70;8775,93
2018-02-02 00:39;8775,93;8818,83
2018-02-02 00:40;8818,83;8862,87
2018-02-02 00:41;8862,87;8839,93
2018-02-02 00:42;8839,93;8808,59
2018-02-02 00:43;8808,59;8841,35
2018-02-02 00:44;8841,35;8813,74
2018-02-02 00:45;8813,74;8836,81
2018-02-02 00:46;8836,81;8812,06
2018-02-02 00:47;8812,06;8774,71
2018-02-02 00:48;8774,71;8769,39
2018-02-02 00:49;8769,39;8802,72
2018-02-02 00:50;8802,72;8776,37
2018-02-02 00:51;8776,37;8785,66
2018-02-02 00:52;8785,66;8777,79
2018-02-02 00:53;8777,79;8765,63
2018-02-02 00:54;8765,63;8746,03
2018-02-02 00:55;8746,03;8685,22
2018-02-02 00:56;8685,22;8739,92
2018-02-02 00:57;8739,92;8766,62
2018-02-02 00:58;8766,62;8737,92
2018-02-02 00:59;8737,92;8754,81
2018-02-02 01:00;8754,81;8748,3
2018-02-02 01:01;8748,30;8735,13
2018-02-02 01:02;8735,13;8707,74
2018-02-02 01:03;8707,74;8711,76
2018-02-02 01:04;8711,76;8717,53
2018-02-02 01:05;8717,53;8702,89
2018-02-02 01:06;8702,89;8697,62
2018-02-02 01:07;8697,62;8683,63
2018-02-02 01:08;8683,63;8696,7
2018-02-02 01:09;8696,70;8668,38
2018-02-02 01:10;8668,38;8689,62
2018-02-02 01:11;8689,62;8775,7
2018-02-02 01:12;8775,70;8755,58
2018-02-02 01:13;8755,58;8749,35
2018-02-02 01:14;8749,35;8790,56
2018-02-02 01:15;8790,56;8803,96
2018-02-02 01:16;8803,96;8790,85
2018-02-02 01:17;8790,85;8802,1
2018-02-02 01:18;8802,10;8795,76
2018-02-02 01:19;8795,76;8788,46
2018-02-02 01:20;8788,46;8779,24
2018-02-02 01:21;8779,24;8771,99
2018-02-02 01:22;8771,99;8778,96
2018-02-02 01:23;8778,96;8747,99
2018-02-02 01:24;8747,99;8749,25
2018-02-02 01:25;8749,25;8759,75
2018-02-02 01:26;8759,75;8749,7
2018-02-02 01:27;8749,70;8743,16
2018-02-02 01:28;8743,16;8750,42
2018-02-02 01:29;8750,42;8729,81
2018-02-02 01:30;8729,81;8703,03
2018-02-02 01:31;8703,03;8676,98
2018-02-02 01:32;8676,98;8671,62
2018-02-02 01:33;8671,62;8639,36
2018-02-02 01:34;8639,36;8663
2018-02-02 01:35;8663,00;8660,8
2018-02-02 01:36;8660,80;8646,31
2018-02-02 01:37;8646,31;8640,14
2018-02-02 01:38;8640,14;8617,84
2018-02-02 01:39;8617,84;8638,94
2018-02-02 01:40;8638,94;8658,82
2018-02-02 01:41;8658,82;8689,99
2018-02-02 01:42;8689,99;8663,15
2018-02-02 01:43;8663,15;8649,08
2018-02-02 01:44;8649,08;8642,58
2018-02-02 01:45;8642,58;8646,41
2018-02-02 01:46;8646,41;8668,57
2018-02-02 01:47;8668,57;8702,22
2018-02-02 01:48;8702,22;8712,82
2018-02-02 01:49;8712,82;8724,01
2018-02-02 01:50;8724,01;8698,14
2018-02-02 01:51;8698,14;8688,93
2018-02-02 01:52;8688,93;8694,71
2018-02-02 01:53;8694,71;8706,08
2018-02-02 01:54;8706,08;8686,66
2018-02-02 01:55;8686,66;8654,16
2018-02-02 01:56;8654,16;8641,69
2018-02-02 01:57;8641,69;8663,19
2018-02-02 01:58;8663,19;8657,45
2018-02-02 01:59;8657,45;8668,66
2018-02-02 02:00;8668,66;8668,81
2018-02-02 02:01;8668,81;8687,7
2018-02-02 02:02;8687,70;8706,43
2018-02-02 02:03;8706,43;8698,91
2018-02-02 02:04;8698,91;8700,4
2018-02-02 02:05;8700,40;8704,8
2018-02-02 02:06;8704,80;8699,13
2018-02-02 02:07;8699,13;8729,84
2018-02-02 02:08;8729,84;8735,23
2018-02-02 02:09;8735,23;8736,34
2018-02-02 02:10;8736,34;8729,94
2018-02-02 02:11;8729,94;8743,49
2018-02-02 02:12;8743,49;8765,53
2018-02-02 02:13;8765,53;8755,75
2018-02-02 02:14;8755,75;8739,09
2018-02-02 02:15;8739,09;8750,35
2018-02-02 02:16;8750,35;8753,45
2018-02-02 02:17;8753,45;8741,19
2018-02-02 02:18;8741,19;8716,41
2018-02-02 02:19;8716,41;8704,04
2018-02-02 02:20;8704,04;8697,81
2018-02-02 02:21;8697,81;8700,72
2018-02-02 02:22;8700,72;8709,43
2018-02-02 02:23;8709,43;8715,3
2018-02-02 02:24;8715,30;8705,04
2018-02-02 02:25;8705,04;8691,05
2018-02-02 02:26;8691,05;8681,57
2018-02-02 02:27;8681,57;8657,78
2018-02-02 02:28;8657,78;8650,04
2018-02-02 02:29;8650,04;8666,57
2018-02-02 02:30;8666,57;8673,4
2018-02-02 02:31;8673,40;8688,59
2018-02-02 02:32;8688,59;8668,73
2018-02-02 02:33;8668,73;8659,98
2018-02-02 02:34;8659,98;8652,26
2018-02-02 02:35;8652,26;8647,49
2018-02-02 02:36;8647,49;8630,65
2018-02-02 02:37;8630,65;8643,91
2018-02-02 02:38;8643,91;8665,29
2018-02-02 02:39;8665,29;8652,38
2018-02-02 02:40;8652,38;8670,84
2018-02-02 02:41;8670,84;8691,2
2018-02-02 02:42;8691,20;8711,43
2018-02-02 02:43;8711,43;8726,14
2018-02-02 02:44;8726,14;8717,54
2018-02-02 02:45;8717,54;8699,52
2018-02-02 02:46;8699,52;8696,99
2018-02-02 02:47;8696,99;8704,45
2018-02-02 02:48;8704,45;8680,9
2018-02-02 02:49;8680,90;8689,65
2018-02-02 02:50;8689,65;8688,52
2018-02-02 02:51;8688,52;8693,38
2018-02-02 02:52;8693,38;8722,48
2018-02-02 02:53;8722,48;8744,29
2018-02-02 02:54;8744,29;8762,01
2018-02-02 02:55;8762,01;8759,41
2018-02-02 02:56;8759,41;8771,02
2018-02-02 02:57;8771,02;8816,78
2018-02-02 02:58;8816,78;8845,88
2018-02-02 02:59;8845,88;8863,48
2018-02-02 03:00;8863,48;8892,43
2018-02-02 03:01;8892,43;8899,8
2018-02-02 03:02;8899,80;8850,37
2018-02-02 03:03;8850,37;8824,33
2018-02-02 03:04;8824,33;8830,01
2018-02-02 03:05;8830,01;8852,03
2018-02-02 03:06;8852,03;8845
2018-02-02 03:07;8845,00;8832,04
2018-02-02 03:08;8832,04;8830,85
2018-02-02 03:09;8830,85;8802,72
2018-02-02 03:10;8802,72;8780,86
2018-02-02 03:11;8780,86;8768,95
2018-02-02 03:12;8768,95;8803
2018-02-02 03:13;8803,00;8794,58
2018-02-02 03:14;8794,58;8785,24
2018-02-02 03:15;8785,24;8801,96
2018-02-02 03:16;8801,96;8802,32
2018-02-02 03:17;8802,32;8821,13
2018-02-02 03:18;8821,13;8874,97
2018-02-02 03:19;8874,97;8881,33
2018-02-02 03:20;8881,33;8900,96
2018-02-02 03:21;8900,96;8895,83
2018-02-02 03:22;8895,83;8862,17
2018-02-02 03:23;8862,17;8859,71
2018-02-02 03:24;8859,71;8881,88
2018-02-02 03:25;8881,88;8873,45
2018-02-02 03:26;8873,45;8863,79
2018-02-02 03:27;8863,79;8866,77
2018-02-02 03:28;8866,77;8863,39
2018-02-02 03:29;8863,39;8875,47
2018-02-02 03:30;8875,47;8868,82
2018-02-02 03:31;8868,82;8886,55
2018-02-02 03:32;8886,55;8905,51
2018-02-02 03:33;8905,51;8896,41
2018-02-02 03:34;8896,41;8912,08
2018-02-02 03:35;8912,08;8918,53
2018-02-02 03:36;8918,53;8938,07
2018-02-02 03:37;8938,07;8922,91
2018-02-02 03:38;8922,91;8927,76
2018-02-02 03:39;8927,76;8931,6
2018-02-02 03:40;8931,60;8910,04
2018-02-02 03:41;8910,04;8904,46
2018-02-02 03:42;8904,46;8904,8
2018-02-02 03:43;8904,80;8906,86
2018-02-02 03:44;8906,86;8895,42
2018-02-02 03:45;8895,42;8863,92
2018-02-02 03:46;8863,92;8848,22
2018-02-02 03:47;8848,22;8782,37
2018-02-02 03:48;8782,37;8766,85
2018-02-02 03:49;8766,85;8784,4
2018-02-02 03:50;8784,40;8776,99
2018-02-02 03:51;8776,99;8768,23
2018-02-02 03:52;8768,23;8780,76
2018-02-02 03:53;8780,76;8780,69
2018-02-02 03:54;8780,69;8752,44
2018-02-02 03:55;8752,44;8741,01
2018-02-02 03:56;8741,01;8739,84
2018-02-02 03:57;8739,84;8707,23
2018-02-02 03:58;8707,23;8722,02
2018-02-02 03:59;8722,02;8708,49
2018-02-02 04:00;8708,49;8715,59
2018-02-02 04:01;8715,59;8716,8
2018-02-02 04:02;8716,80;8711,03
2018-02-02 04:03;8711,03;8726,21
2018-02-02 04:04;8726,21;8760,55
2018-02-02 04:05;8760,55;8745,08
2018-02-02 04:06;8745,08;8724,33
2018-02-02 04:07;8724,33;8682,44
2018-02-02 04:08;8682,44;8673,51
2018-02-02 04:09;8673,51;8669,16
2018-02-02 04:10;8669,16;8672,91
2018-02-02 04:11;8672,91;8686,24
2018-02-02 04:12;8686,24;8693,57
2018-02-02 04:13;8693,57;8677,41
2018-02-02 04:14;8677,41;8672,18
2018-02-02 04:15;8672,18;8673,05
2018-02-02 04:16;8673,05;8686,86
2018-02-02 04:17;8686,86;8710,31
2018-02-02 04:18;8710,31;8712,42
2018-02-02 04:19;8712,42;8710,75
2018-02-02 04:20;8710,75;8722,56
2018-02-02 04:21;8722,56;8720,48
2018-02-02 04:22;8720,48;8700,76
2018-02-02 04:23;8700,76;8695,24
2018-02-02 04:24;8695,24;8725,06
2018-02-02 04:25;8725,06;8703,87
2018-02-02 04:26;8703,87;8704,67
2018-02-02 04:27;8704,67;8698,02
2018-02-02 04:28;8698,02;8677,79
2018-02-02 04:29;8677,79;8626,1
2018-02-02 04:30;8626,10;8590,51
2018-02-02 04:31;8590,51;8592,89
2018-02-02 04:32;8592,89;8637,73
2018-02-02 04:33;8637,73;8614,6
2018-02-02 04:34;8614,60;8616,53
2018-02-02 04:35;8616,53;8624,76
2018-02-02 04:36;8624,76;8635,94
2018-02-02 04:37;8635,94;8647,72
2018-02-02 04:38;8647,72;8644,04
2018-02-02 04:39;8644,04;8622,41
2018-02-02 04:40;8622,41;8612,82
2018-02-02 04:41;8612,82;8609,7
2018-02-02 04:42;8609,70;8633,61
2018-02-02 04:43;8633,61;8657,69
2018-02-02 04:44;8657,69;8630,89
2018-02-02 04:45;8630,89;8655,93
2018-02-02 04:46;8655,93;8648,69
2018-02-02 04:47;8648,69;8640,68
2018-02-02 04:48;8640,68;8640,75
2018-02-02 04:49;8640,75;8631,28
2018-02-02 04:50;8631,28;8634,71
2018-02-02 04:51;8634,71;8633,59
2018-02-02 04:52;8633,59;8623,56
2018-02-02 04:53;8623,56;8633,54
2018-02-02 04:54;8633,54;8639,99
2018-02-02 04:55;8639,99;8627,34
2018-02-02 04:56;8627,34;8619,95
2018-02-02 04:57;8619,95;8624,64
2018-02-02 04:58;8624,64;8643,65
2018-02-02 04:59;8643,65;8683,91
2018-02-02 05:00;8683,91;8689,71
2018-02-02 05:01;8689,71;8697,16
2018-02-02 05:02;8697,16;8694,36
2018-02-02 05:03;8694,36;8664,67
2018-02-02 05:04;8664,67;8649,23
2018-02-02 05:05;8649,23;8646,74
2018-02-02 05:06;8646,74;8628,49
2018-02-02 05:07;8628,49;8616,74
2018-02-02 05:08;8616,74;8607,37
2018-02-02 05:09;8607,37;8601,31
2018-02-02 05:10;8601,31;8594,75
2018-02-02 05:11;8594,75;8590,24
2018-02-02 05:12;8590,24;8646,64
2018-02-02 05:13;8646,64;8654,79
2018-02-02 05:14;8654,79;8682,04
2018-02-02 05:15;8682,04;8714,75
2018-02-02 05:16;8714,75;8705,88
2018-02-02 05:17;8705,88;8674,21
2018-02-02 05:18;8674,21;8692,07
2018-02-02 05:19;8692,07;8690,55
2018-02-02 05:20;8690,55;8663,47
2018-02-02 05:21;8663,47;8664,61
2018-02-02 05:22;8664,61;8654,43
2018-02-02 05:23;8654,43;8671,25
2018-02-02 05:24;8671,25;8666,15
2018-02-02 05:25;8666,15;8652,58
2018-02-02 05:26;8652,58;8660,44
2018-02-02 05:27;8660,44;8677,13
2018-02-02 05:28;8677,13;8671,88
2018-02-02 05:29;8671,88;8657,75
2018-02-02 05:30;8657,75;8656,77
2018-02-02 05:31;8656,77;8607,59
2018-02-02 05:32;8607,59;8613,29
2018-02-02 05:33;8613,29;8634,69
2018-02-02 05:34;8634,69;8622,9
2018-02-02 05:35;8622,90;8617,76
2018-02-02 05:36;8617,76;8604
2018-02-02 05:37;8604,00;8604,25
2018-02-02 05:38;8604,25;8629,67
2018-02-02 05:39;8629,67;8624,97
2018-02-02 05:40;8624,97;8615,21
2018-02-02 05:41;8615,21;8597,89
2018-02-02 05:42;8597,89;8592,63
2018-02-02 05:43;8592,63;8586,92
2018-02-02 05:44;8586,92;8584,35
2018-02-02 05:45;8584,35;8566,7
2018-02-02 05:46;8566,70;8561,99
2018-02-02 05:47;8561,99;8568,47
2018-02-02 05:48;8568,47;8586,05
2018-02-02 05:49;8586,05;8611,29
2018-02-02 05:50;8611,29;8621,53
2018-02-02 05:51;8621,53;8600,04
2018-02-02 05:52;8600,04;8593,13
2018-02-02 05:53;8593,13;8591,6
2018-02-02 05:54;8591,60;8618,76
2018-02-02 05:55;8618,76;8650,72
2018-02-02 05:56;8650,72;8652,95
2018-02-02 05:57;8652,95;8598,61
2018-02-02 05:58;8598,61;8604,44
2018-02-02 05:59;8604,44;8604,73
2018-02-02 06:00;8604,73;8613,7
2018-02-02 06:01;8613,70;8644,14
2018-02-02 06:02;8644,14;8644,18
2018-02-02 06:03;8644,18;8634,06
2018-02-02 06:04;8634,06;8617,19
2018-02-02 06:05;8617,19;8602,06
2018-02-02 06:06;8602,06;8618,76
2018-02-02 06:07;8618,76;8612,81
2018-02-02 06:08;8612,81;8609,39
2018-02-02 06:09;8609,39;8589,83
2018-02-02 06:10;8589,83;8547,61
2018-02-02 06:11;8547,61;8536,53
2018-02-02 06:12;8536,53;8562,86
2018-02-02 06:13;8562,86;8547,27
2018-02-02 06:14;8547,27;8537,05
2018-02-02 06:15;8537,05;8524,03
2018-02-02 06:16;8524,03;8514,54
2018-02-02 06:17;8514,54;8527,65
2018-02-02 06:18;8527,65;8560,31
2018-02-02 06:19;8560,31;8566,66
2018-02-02 06:20;8566,66;8544,83
2018-02-02 06:21;8544,83;8524,27
2018-02-02 06:22;8524,27;8528,97
2018-02-02 06:23;8528,97;8529,45
2018-02-02 06:24;8529,45;8537,13
2018-02-02 06:25;8537,13;8528,58
2018-02-02 06:26;8528,58;8512,58
2018-02-02 06:27;8512,58;8501,28
2018-02-02 06:28;8501,28;8482,84
2018-02-02 06:29;8482,84;8494,43
2018-02-02 06:30;8494,43;8485,24
2018-02-02 06:31;8485,24;8482,36
2018-02-02 06:32;8482,36;8507,75
2018-02-02 06:33;8507,75;8487,91
2018-02-02 06:34;8487,91;8491,64
2018-02-02 06:35;8491,64;8490,5
2018-02-02 06:36;8490,50;8486,26
2018-02-02 06:37;8486,26;8480,53
2018-02-02 06:38;8480,53;8471,16
2018-02-02 06:39;8471,16;8435,12
2018-02-02 06:40;8435,12;8384,66
2018-02-02 06:41;8384,66;8355,02
2018-02-02 06:42;8355,02;8381,14
2018-02-02 06:43;8381,14;8407,83
2018-02-02 06:44;8407,83;8451,26
2018-02-02 06:45;8451,26;8495,38
2018-02-02 06:46;8495,38;8464,26
2018-02-02 06:47;8464,26;8482,24
2018-02-02 06:48;8482,24;8500,73
2018-02-02 06:49;8500,73;8483,49
2018-02-02 06:50;8483,49;8485,96
2018-02-02 06:51;8485,96;8484,47
2018-02-02 06:52;8484,47;8450,42
2018-02-02 06:53;8450,42;8451,68
2018-02-02 06:54;8451,68;8456,01
2018-02-02 06:55;8456,01;8464,26
2018-02-02 06:56;8464,26;8526,05
2018-02-02 06:57;8526,05;8557,28
2018-02-02 06:58;8557,28;8562,55
2018-02-02 06:59;8562,55;8540,64
2018-02-02 07:00;8540,64;8580,37
2018-02-02 07:01;8580,37;8612,49
2018-02-02 07:02;8612,49;8650,89
2018-02-02 07:03;8650,89;8639,44
2018-02-02 07:04;8639,44;8581,12
2018-02-02 07:05;8581,12;8581,63
2018-02-02 07:06;8581,63;8591,04
2018-02-02 07:07;8591,04;8595,28
2018-02-02 07:08;8595,28;8590,48
2018-02-02 07:09;8590,48;8614,19
2018-02-02 07:10;8614,19;8625,35
2018-02-02 07:11;8625,35;8657,02
2018-02-02 07:12;8657,02;8688,9
2018-02-02 07:13;8688,90;8703,9
2018-02-02 07:14;8703,90;8694,31
2018-02-02 07:15;8694,31;8672,99
2018-02-02 07:16;8672,99;8647,22
2018-02-02 07:17;8647,22;8620,71
2018-02-02 07:18;8620,71;8632,31
2018-02-02 07:19;8632,31;8626,72
2018-02-02 07:20;8626,72;8615,12
2018-02-02 07:21;8615,12;8633,74
2018-02-02 07:22;8633,74;8646,55
2018-02-02 07:23;8646,55;8637,3
2018-02-02 07:24;8637,30;8619,84
2018-02-02 07:25;8619,84;8609,9
2018-02-02 07:26;8609,90;8599,53
2018-02-02 07:27;8599,53;8593,18
2018-02-02 07:28;8593,18;8565,96
2018-02-02 07:29;8565,96;8548,96
2018-02-02 07:30;8548,96;8579,31
2018-02-02 07:31;8579,31;8562,53
2018-02-02 07:32;8562,53;8569,6
2018-02-02 07:33;8569,60;8567,65
2018-02-02 07:34;8567,65;8555,8
2018-02-02 07:35;8555,80;8561,11
2018-02-02 07:36;8561,11;8535,82
2018-02-02 07:37;8535,82;8534,67
2018-02-02 07:38;8534,67;8525,47
2018-02-02 07:39;8525,47;8538,78
2018-02-02 07:40;8538,78;8535,78
2018-02-02 07:41;8535,78;8540,99
2018-02-02 07:42;8540,99;8547,31
2018-02-02 07:43;8547,31;8552,24
2018-02-02 07:44;8552,24;8552,63
2018-02-02 07:45;8552,63;8566,76
2018-02-02 07:46;8566,76;8584,13
2018-02-02 07:47;8584,13;8604,1
2018-02-02 07:48;8604,10;8614,26
2018-02-02 07:49;8614,26;8605,87
2018-02-02 07:50;8605,87;8566,76
2018-02-02 07:51;8566,76;8547,8
2018-02-02 07:52;8547,80;8556,98
2018-02-02 07:53;8556,98;8538,31
2018-02-02 07:54;8538,31;8531,76
2018-02-02 07:55;8531,76;8515,73
2018-02-02 07:56;8515,73;8489,22
2018-02-02 07:57;8489,22;8469,21
2018-02-02 07:58;8469,21;8469,46
2018-02-02 07:59;8469,46;8489,46
2018-02-02 08:00;8489,46;8482,99
2018-02-02 08:01;8482,99;8476,55
2018-02-02 08:02;8476,55;8445,74
2018-02-02 08:03;8445,74;8431,71
2018-02-02 08:04;8431,71;8407,78
2018-02-02 08:05;8407,78;8425,75
2018-02-02 08:06;8425,75;8429,49
2018-02-02 08:07;8429,49;8432,67
2018-02-02 08:08;8432,67;8411,03
2018-02-02 08:09;8411,03;8393,92
2018-02-02 08:10;8393,92;8388,33
2018-02-02 08:11;8388,33;8410,41
2018-02-02 08:12;8410,41;8413,1
2018-02-02 08:13;8413,10;8402,5
2018-02-02 08:14;8402,50;8408,25
2018-02-02 08:15;8408,25;8428,56
2018-02-02 08:16;8428,56;8441,69
2018-02-02 08:17;8441,69;8394,58
2018-02-02 08:18;8394,58;8382,1
2018-02-02 08:19;8382,10;8417,5
2018-02-02 08:20;8417,50;8429,07
2018-02-02 08:21;8429,07;8434,44
2018-02-02 08:22;8434,44;8420,47
2018-02-02 08:23;8420,47;8424,83
2018-02-02 08:24;8424,83;8429,54
2018-02-02 08:25;8429,54;8421,55
2018-02-02 08:26;8421,55;8401
2018-02-02 08:27;8401,00;8377,29
2018-02-02 08:28;8377,29;8384,46
2018-02-02 08:29;8384,46;8375,64
2018-02-02 08:30;8375,64;8385,69
2018-02-02 08:31;8385,69;8374,7
2018-02-02 08:32;8374,70;8379,11
2018-02-02 08:33;8379,11;8362,36
2018-02-02 08:34;8362,36;8353,77
2018-02-02 08:35;8353,77;8345,63
2018-02-02 08:36;8345,63;8337,46
2018-02-02 08:37;8337,46;8369,91
2018-02-02 08:38;8369,91;8387,25
2018-02-02 08:39;8387,25;8371,39
2018-02-02 08:40;8371,39;8352,52
2018-02-02 08:41;8352,52;8346,36
2018-02-02 08:42;8346,36;8331,28
2018-02-02 08:43;8331,28;8327,15
2018-02-02 08:44;8327,15;8350,63
2018-02-02 08:45;8350,63;8351,74
2018-02-02 08:46;8351,74;8374,22
2018-02-02 08:47;8374,22;8390,1
2018-02-02 08:48;8390,10;8391,57
2018-02-02 08:49;8391,57;8365,15
2018-02-02 08:50;8365,15;8373,45
2018-02-02 08:51;8373,45;8357,96
2018-02-02 08:52;8357,96;8355,79
2018-02-02 08:53;8355,79;8361,89
2018-02-02 08:54;8361,89;8366,64
2018-02-02 08:55;8366,64;8355,73
2018-02-02 08:56;8355,73;8358,66
2018-02-02 08:57;8358,66;8358,85
2018-02-02 08:58;8358,85;8347,19
2018-02-02 08:59;8347,19;8341,03
2018-02-02 09:00;8341,03;8338,41
2018-02-02 09:01;8338,41;8300,17
2018-02-02 09:02;8300,17;8315,82
2018-02-02 09:03;8315,82;8302,89
2018-02-02 09:04;8302,89;8301,49
2018-02-02 09:05;8301,49;8296,91
2018-02-02 09:06;8296,91;8305
2018-02-02 09:07;8305,00;8309,91
2018-02-02 09:08;8309,91;8299,35
2018-02-02 09:09;8299,35;8291,41
2018-02-02 09:10;8291,41;8293,64
2018-02-02 09:11;8293,64;8288,22
2018-02-02 09:12;8288,22;8285,88
2018-02-02 09:13;8285,88;8273,31
2018-02-02 09:14;8273,31;8256,19
2018-02-02 09:15;8256,19;8241,23
2018-02-02 09:16;8241,23;8237,53
2018-02-02 09:17;8237,53;8229,92
2018-02-02 09:18;8229,92;8225,27
2018-02-02 09:19;8225,27;8219,61
2018-02-02 09:20;8219,61;8227,02
2018-02-02 09:21;8227,02;8213,65
2018-02-02 09:22;8213,65;8203,72
2018-02-02 09:23;8203,72;8200,72
2018-02-02 09:24;8200,72;8186,22
2018-02-02 09:25;8186,22;8204,5
2018-02-02 09:26;8204,50;8283,69
2018-02-02 09:27;8283,69;8336,73
2018-02-02 09:28;8336,73;8393,92
2018-02-02 09:29;8393,92;8418,11
2018-02-02 09:30;8418,11;8350,45
2018-02-02 09:31;8350,45;8355,51
2018-02-02 09:32;8355,51;8376,11
2018-02-02 09:33;8376,11;8377,12
2018-02-02 09:34;8377,12;8374,01
2018-02-02 09:35;8374,01;8363,78
2018-02-02 09:36;8363,78;8346,57
2018-02-02 09:37;8346,57;8327,25
2018-02-02 09:38;8327,25;8325,46
2018-02-02 09:39;8325,46;8327,64
2018-02-02 09:40;8327,64;8344,42
2018-02-02 09:41;8344,42;8368,29
2018-02-02 09:42;8368,29;8363,51
2018-02-02 09:43;8363,51;8341,45
2018-02-02 09:44;8341,45;8358,49
2018-02-02 09:45;8358,49;8356,39
2018-02-02 09:46;8356,39;8354,5
2018-02-02 09:47;8354,50;8373,86
2018-02-02 09:48;8373,86;8415,45
2018-02-02 09:49;8415,45;8434,4
2018-02-02 09:50;8434,40;8411,67
2018-02-02 09:51;8411,67;8414,02
2018-02-02 09:52;8414,02;8393,49
2018-02-02 09:53;8393,49;8377,58
2018-02-02 09:54;8377,58;8371,68
2018-02-02 09:55;8371,68;8376,57
2018-02-02 09:56;8376,57;8367,64
2018-02-02 09:57;8367,64;8376,29
2018-02-02 09:58;8376,29;8380,37
2018-02-02 09:59;8380,37;8370,92
2018-02-02 10:00;8370,92;8364,38
2018-02-02 10:01;8364,38;8330,15
2018-02-02 10:02;8330,15;8284,6
2018-02-02 10:03;8284,60;8271,55
2018-02-02 10:04;8271,55;8282,47
2018-02-02 10:05;8282,47;8296,7
2018-02-02 10:06;8296,70;8293,05
2018-02-02 10:07;8293,05;8286,99
2018-02-02 10:08;8286,99;8261,9
2018-02-02 10:09;8261,90;8229,93
2018-02-02 10:10;8229,93;8214,89
2018-02-02 10:11;8214,89;8220,49
2018-02-02 10:12;8220,49;8250,14
2018-02-02 10:13;8250,14;8241,84
2018-02-02 10:14;8241,84;8222,94
2018-02-02 10:15;8222,94;8223,94
2018-02-02 10:16;8223,94;8215,71
2018-02-02 10:17;8215,71;8206,16
2018-02-02 10:18;8206,16;8202,88
2018-02-02 10:19;8202,88;8193,85
2018-02-02 10:20;8193,85;8196,7
2018-02-02 10:21;8196,70;8212,26
2018-02-02 10:22;8212,26;8223,38
2018-02-02 10:23;8223,38;8232,08
2018-02-02 10:24;8232,08;8202,27
2018-02-02 10:25;8202,27;8195,03
2018-02-02 10:26;8195,03;8191,36
2018-02-02 10:27;8191,36;8188,92
2018-02-02 10:28;8188,92;8170,59
2018-02-02 10:29;8170,59;8158,89
2018-02-02 10:30;8158,89;8153,87
2018-02-02 10:31;8153,87;8150,49
2018-02-02 10:32;8150,49;8180,76
2018-02-02 10:33;8180,76;8175,58
2018-02-02 10:34;8175,58;8165,55
2018-02-02 10:35;8165,55;8162,96
2018-02-02 10:36;8162,96;8165,71
2018-02-02 10:37;8165,71;8174,19
2018-02-02 10:38;8174,19;8173,99
2018-02-02 10:39;8173,99;8188,71
2018-02-02 10:40;8188,71;8187,29
2018-02-02 10:41;8187,29;8176,89
2018-02-02 10:42;8176,89;8157,52
2018-02-02 10:43;8157,52;8159,4
2018-02-02 10:44;8159,40;8151,61
2018-02-02 10:45;8151,61;8152,63
2018-02-02 10:46;8152,63;8152,59
2018-02-02 10:47;8152,59;8163,56
2018-02-02 10:48;8163,56;8170,61
2018-02-02 10:49;8170,61;8200,26
2018-02-02 10:50;8200,26;8225,44
2018-02-02 10:51;8225,44;8271,21
2018-02-02 10:52;8271,21;8278,51
2018-02-02 10:53;8278,51;8241,16
2018-02-02 10:54;8241,16;8240,36
2018-02-02 10:55;8240,36;8253,13
2018-02-02 10:56;8253,13;8249,62
2018-02-02 10:57;8249,62;8227,75
2018-02-02 10:58;8227,75;8184,88
2018-02-02 10:59;8184,88;8181,09
2018-02-02 11:00;8181,09;8168,68
2018-02-02 11:01;8168,68;8190,07
2018-02-02 11:02;8190,07;8220,58
2018-02-02 11:03;8220,58;8204,75
2018-02-02 11:04;8204,75;8191,32
2018-02-02 11:05;8191,32;8169,6
2018-02-02 11:06;8169,60;8122,76
2018-02-02 11:07;8122,76;8131,39
2018-02-02 11:08;8131,39;8191,64
2018-02-02 11:09;8191,64;8145,69
2018-02-02 11:10;8145,69;8208,82
2018-02-02 11:11;8208,82;8173,46
2018-02-02 11:12;8173,46;8174,49
2018-02-02 11:13;8174,49;8185,16
2018-02-02 11:14;8185,16;8179,66
2018-02-02 11:15;8179,66;8174,11
2018-02-02 11:16;8174,11;8167,22
2018-02-02 11:17;8167,22;8161,02
2018-02-02 11:18;8161,02;8186,31
2018-02-02 11:19;8186,31;8201,72
2018-02-02 11:20;8201,72;8191,75
2018-02-02 11:21;8191,75;8177,3
2018-02-02 11:22;8177,30;8163,99
2018-02-02 11:23;8163,99;8172,2
2018-02-02 11:24;8172,20;8169,81
2018-02-02 11:25;8169,81;8156,34
2018-02-02 11:26;8156,34;8142,57
2018-02-02 11:27;8142,57;8133,2
2018-02-02 11:28;8133,20;8133,59
2018-02-02 11:29;8133,59;8125,79
2018-02-02 11:30;8125,79;8112,36
2018-02-02 11:31;8112,36;8100,23
2018-02-02 11:32;8100,23;8095,1
2018-02-02 11:33;8095,10;8138,99
2018-02-02 11:34;8138,99;8137,81
2018-02-02 11:35;8137,81;8099,54
2018-02-02 11:36;8099,54;8120,62
2018-02-02 11:37;8120,62;8089,58
2018-02-02 11:38;8089,58;8057,7
2018-02-02 11:39;8057,70;8056,51
2018-02-02 11:40;8056,51;8078,91
2018-02-02 11:41;8078,91;8055,08
2018-02-02 11:42;8055,08;8065,02
2018-02-02 11:43;8065,02;8052,66
2018-02-02 11:44;8052,66;8050,68
2018-02-02 11:45;8050,68;8043,54
2018-02-02 11:46;8043,54;8036,25
2018-02-02 11:47;8036,25;8025,36
2018-02-02 11:48;8025,36;8015,94
2018-02-02 11:49;8015,94;8000,97
2018-02-02 11:50;8000,97;7995,61
2018-02-02 11:51;7995,61;8008,58
2018-02-02 11:52;8008,58;8042,47
2018-02-02 11:53;8042,47;8083,76
2018-02-02 11:54;8083,76;8065,81
2018-02-02 11:55;8065,81;8073,87
2018-02-02 11:56;8073,87;8085,54
2018-02-02 11:57;8085,54;8071,3
2018-02-02 11:58;8071,30;8058,17
2018-02-02 11:59;8058,17;8064,35
2018-02-02 12:00;8064,35;8063,63
2018-02-02 12:01;8063,63;8072,77
2018-02-02 12:02;8072,77;8077,92
2018-02-02 12:03;8077,92;8073,35
2018-02-02 12:04;8073,35;8061,85
2018-02-02 12:05;8061,85;8043,26
2018-02-02 12:06;8043,26;8023,68
2018-02-02 12:07;8023,68;7992,32
2018-02-02 12:08;7992,32;7989,07
2018-02-02 12:09;7989,07;8006,57
2018-02-02 12:10;8006,57;8016,9
2018-02-02 12:11;8016,90;7984,32
2018-02-02 12:12;7984,32;7998,28
2018-02-02 12:13;7998,28;7980,54
2018-02-02 12:14;7980,54;7968,23
2018-02-02 12:15;7968,23;7953,41
2018-02-02 12:16;7953,41;7937,5
2018-02-02 12:17;7937,50;7943,01
2018-02-02 12:18;7943,01;7941,7
2018-02-02 12:19;7941,70;7923,27
2018-02-02 12:20;7923,27;7919,5
2018-02-02 12:21;7919,50;7913,09
2018-02-02 12:22;7913,09;7937,66
2018-02-02 12:23;7937,66;7947,43
2018-02-02 12:24;7947,43;7916,53
2018-02-02 12:25;7916,53;7913,33
2018-02-02 12:26;7913,33;7896,1
2018-02-02 12:27;7896,10;7887,35
2018-02-02 12:28;7887,35;7868,15
2018-02-02 12:29;7868,15;7856,59
2018-02-02 12:30;7856,59;7850,36
2018-02-02 12:31;7850,36;7836,66
2018-02-02 12:32;7836,66;7827,27
2018-02-02 12:33;7827,27;7847,27
2018-02-02 12:34;7847,27;7853,11
2018-02-02 12:35;7853,11;7848,37
2018-02-02 12:36;7848,37;7827,34
2018-02-02 12:37;7827,34;7809,34
2018-02-02 12:38;7809,34;7776,79
2018-02-02 12:39;7776,79;7786,51
2018-02-02 12:40;7786,51;7774,45
2018-02-02 12:41;7774,45;7774,49
2018-02-02 12:42;7774,49;7772,09
2018-02-02 12:43;7772,09;7761,74
2018-02-02 12:44;7761,74;7744,6
2018-02-02 12:45;7744,60;7736,31
2018-02-02 12:46;7736,31;7718,87
2018-02-02 12:47;7718,87;7712,84
2018-02-02 12:48;7712,84;7703,82
2018-02-02 12:49;7703,82;7695,1
2018-02-02 12:50;7695,10;7704,35
2018-02-02 12:51;7704,35;7795,93
2018-02-02 12:52;7795,93;7931,2
2018-02-02 12:53;7931,20;7990,33
2018-02-02 12:54;7990,33;8123,92
2018-02-02 12:55;8123,92;8229,18
2018-02-02 12:56;8229,18;8200,79
2018-02-02 12:57;8200,79;8105,62
2018-02-02 12:58;8105,62;8122,25
2018-02-02 12:59;8122,25;8152,35
2018-02-02 13:00;8152,35;8246,63
2018-02-02 13:01;8246,63;8311,37
2018-02-02 13:02;8311,37;8401,21
2018-02-02 13:03;8401,21;8411,78
2018-02-02 13:04;8411,78;8439,58
2018-02-02 13:05;8439,58;8403,8
2018-02-02 13:06;8403,80;8431,49
2018-02-02 13:07;8431,49;8490,54
2018-02-02 13:08;8490,54;8501,77
2018-02-02 13:09;8501,77;8539,58
2018-02-02 13:10;8539,58;8586,95
2018-02-02 13:11;8586,95;8620,4
2018-02-02 13:12;8620,40;8622,71
2018-02-02 13:13;8622,71;8495,69
2018-02-02 13:14;8495,69;8375,09
2018-02-02 13:15;8375,09;8418,52
2018-02-02 13:16;8418,52;8435,21
2018-02-02 13:17;8435,21;8342,61
2018-02-02 13:18;8342,61;8338,71
2018-02-02 13:19;8338,71;8337,89
2018-02-02 13:20;8337,89;8333,56
2018-02-02 13:21;8333,56;8387,52
2018-02-02 13:22;8387,52;8464,91
2018-02-02 13:23;8464,91;8501,06
2018-02-02 13:24;8501,06;8424,14
2018-02-02 13:25;8424,14;8473,82
2018-02-02 13:26;8473,82;8500,01
2018-02-02 13:27;8500,01;8510,07
2018-02-02 13:28;8510,07;8517,55
2018-02-02 13:29;8517,55;8546,01
2018-02-02 13:30;8546,01;8610,84
2018-02-02 13:31;8610,84;8628,66
2018-02-02 13:32;8628,66;8588,38
2018-02-02 13:33;8588,38;8552,8
2018-02-02 13:34;8552,80;8533,01
2018-02-02 13:35;8533,01;8523,19
2018-02-02 13:36;8523,19;8445,54
2018-02-02 13:37;8445,54;8512,48
2018-02-02 13:38;8512,48;8461,77
2018-02-02 13:39;8461,77;8472,11
2018-02-02 13:40;8472,11;8508,16
2018-02-02 13:41;8508,16;8525,69
2018-02-02 13:42;8525,69;8529,56
2018-02-02 13:43;8529,56;8498,36
2018-02-02 13:44;8498,36;8460,16
2018-02-02 13:45;8460,16;8486,05
2018-02-02 13:46;8486,05;8503,75
2018-02-02 13:47;8503,75;8514,62
2018-02-02 13:48;8514,62;8508,65
2018-02-02 13:49;8508,65;8519,75
2018-02-02 13:50;8519,75;8520,69
2018-02-02 13:51;8520,69;8528,49
2018-02-02 13:52;8528,49;8547,93
2018-02-02 13:53;8547,93;8581,16
2018-02-02 13:54;8581,16;8609,67
2018-02-02 13:55;8609,67;8659,47
2018-02-02 13:56;8659,47;8677,13
2018-02-02 13:57;8677,13;8711,88
2018-02-02 13:58;8711,88;8770,91
2018-02-02 13:59;8770,91;8763,1
2018-02-02 14:00;8763,10;8797,4
2018-02-02 14:01;8797,40;8782,15
2018-02-02 14:02;8782,15;8687,76
2018-02-02 14:03;8687,76;8680,69
